generation,n_arnold_calls,n_infeasible,n_lambda,infeasibility_rate,n_psd_fallback,n_no_active_js,mean_m_active,mean_A_delta_fro,max_A_delta_fro,any_shrink_applied,n_constraints,per_constraint_violation_count
1,18,18,24,0.75,0,0,1.1111111111111112,0.015929121281502905,0.016735582361438874,True,18,"[0, 0, 0, 0, 0, 4, 1, 4, 1, 2, 0, 1, 1, 0, 0, 4, 2, 0]"
2,18,18,24,0.75,0,0,1.2222222222222223,0.019164194767566135,0.04477567668421184,True,18,"[0, 0, 0, 0, 0, 1, 3, 11, 2, 1, 0, 2, 0, 0, 0, 1, 1, 0]"
3,17,17,24,0.7083333333333334,0,0,1.2941176470588236,0.016068821969616107,0.01687495370246798,True,18,"[0, 0, 0, 0, 0, 6, 1, 8, 3, 0, 0, 0, 1, 0, 0, 1, 2, 0]"
4,20,20,24,0.8333333333333334,0,0,1.35,0.02637665934541617,0.08959551102463392,True,18,"[0, 0, 0, 0, 0, 7, 2, 9, 3, 0, 0, 0, 1, 0, 0, 1, 3, 1]"
5,19,19,24,0.7916666666666666,0,0,1.2105263157894737,0.015146684189090723,0.016811267133631128,True,18,"[0, 0, 0, 0, 0, 5, 2, 8, 5, 0, 0, 1, 0, 0, 0, 1, 0, 1]"
6,21,21,24,0.875,0,0,1.380952380952381,0.018968816561594395,0.06021383319998235,True,18,"[0, 0, 0, 0, 0, 4, 0, 11, 7, 0, 0, 1, 1, 0, 0, 1, 3, 1]"
7,21,21,24,0.875,0,0,1.0952380952380953,0.019766815582635926,0.07264100121809089,True,18,"[0, 0, 0, 0, 0, 7, 0, 9, 3, 0, 0, 0, 0, 0, 0, 1, 3, 0]"
8,19,19,24,0.7916666666666666,0,0,1.3157894736842106,0.015263080516622878,0.025746933584489845,True,18,"[0, 0, 0, 0, 0, 3, 0, 10, 1, 0, 0, 0, 3, 0, 0, 3, 3, 2]"
9,22,22,24,0.9166666666666666,0,0,1.2272727272727273,0.014906265750078512,0.01636744832869737,True,18,"[0, 0, 0, 0, 0, 6, 1, 7, 6, 0, 0, 0, 0, 0, 0, 2, 4, 1]"
10,21,21,24,0.875,0,0,1.2380952380952381,0.014895754826579555,0.017073803497529794,True,18,"[0, 0, 0, 0, 0, 5, 1, 8, 6, 0, 0, 0, 0, 0, 0, 3, 1, 2]"
11,18,18,24,0.75,0,0,1.3333333333333333,0.01556306853458291,0.03128322317087581,True,18,"[0, 0, 0, 0, 0, 5, 1, 9, 3, 0, 0, 0, 0, 0, 0, 3, 2, 1]"
12,17,17,24,0.7083333333333334,0,0,1.411764705882353,0.015514228557694514,0.025559886640584038,True,18,"[0, 0, 0, 0, 0, 3, 1, 8, 6, 0, 0, 0, 2, 0, 0, 1, 3, 0]"
13,20,20,24,0.8333333333333334,0,0,1.65,0.018820867499913053,0.07410635605663361,True,18,"[0, 0, 0, 0, 0, 2, 1, 11, 9, 0, 0, 0, 1, 0, 0, 4, 4, 1]"
14,19,19,24,0.7916666666666666,0,0,1.3157894736842106,0.015463307241982716,0.019679869469130674,True,18,"[0, 0, 0, 0, 0, 6, 0, 6, 5, 0, 0, 0, 0, 0, 0, 4, 4, 0]"
15,19,19,24,0.7916666666666666,0,0,1.1578947368421053,0.017322557906778648,0.06859280776080146,True,18,"[0, 0, 0, 0, 0, 4, 1, 11, 1, 0, 0, 0, 0, 0, 0, 4, 1, 0]"
16,21,21,24,0.875,0,0,1.3333333333333333,0.015890076648166357,0.03749366761194611,True,18,"[0, 0, 0, 0, 0, 4, 3, 10, 4, 0, 0, 0, 0, 0, 0, 3, 2, 2]"
17,20,20,24,0.8333333333333334,0,0,1.35,0.014089863812147163,0.015975076238927962,True,18,"[0, 0, 0, 0, 0, 5, 0, 6, 3, 0, 0, 1, 1, 0, 0, 5, 5, 1]"
18,20,20,24,0.8333333333333334,0,0,1.35,0.014183287881352749,0.015735006433563188,True,18,"[0, 0, 0, 0, 0, 4, 0, 10, 7, 0, 0, 0, 1, 0, 0, 1, 4, 0]"
19,18,18,24,0.75,0,0,1.2222222222222223,0.01824408872551353,0.08772968056948367,True,18,"[0, 0, 0, 0, 0, 4, 0, 8, 6, 0, 0, 0, 0, 0, 0, 2, 2, 0]"
20,21,21,24,0.875,0,0,1.5714285714285714,0.021752354803324762,0.1816960694420123,True,18,"[0, 0, 0, 0, 0, 6, 0, 7, 11, 0, 0, 0, 0, 0, 0, 4, 5, 0]"
21,20,20,24,0.8333333333333334,0,0,1.15,0.014763507360913078,0.027342817408728605,True,18,"[0, 0, 0, 0, 0, 6, 0, 10, 2, 0, 0, 0, 0, 0, 0, 2, 1, 2]"
22,18,18,24,0.75,0,0,1.2777777777777777,0.016918269256335917,0.04087314690004341,True,18,"[0, 0, 0, 0, 0, 5, 1, 8, 6, 0, 0, 0, 1, 0, 0, 1, 1, 0]"
23,21,21,24,0.875,0,0,1.3333333333333333,0.013705017857139037,0.015813287914240817,True,18,"[0, 0, 0, 0, 0, 5, 1, 7, 6, 0, 0, 0, 1, 0, 0, 2, 4, 2]"
24,20,20,24,0.8333333333333334,0,0,1.5,0.014153041009505402,0.03150977423986635,True,18,"[0, 0, 0, 0, 0, 5, 0, 12, 7, 0, 0, 0, 1, 0, 0, 1, 3, 1]"
25,15,15,24,0.625,0,0,1.2,0.014208882228682504,0.015744567098712466,True,18,"[0, 0, 0, 0, 0, 1, 1, 9, 3, 0, 0, 0, 1, 0, 0, 1, 2, 0]"
26,22,22,24,0.9166666666666666,0,0,1.0909090909090908,0.014325271693890551,0.026070529334937358,True,18,"[0, 0, 0, 0, 0, 9, 0, 9, 1, 0, 0, 0, 0, 0, 0, 3, 2, 0]"
27,19,19,24,0.7916666666666666,0,0,1.3157894736842106,0.01404164766306519,0.015240161901694752,True,18,"[0, 0, 0, 0, 0, 3, 0, 7, 8, 0, 0, 0, 0, 0, 0, 5, 1, 1]"
28,19,19,24,0.7916666666666666,0,0,1.263157894736842,0.013249071618375437,0.015782534077395584,True,18,"[0, 0, 0, 0, 0, 3, 0, 11, 5, 0, 0, 0, 1, 0, 0, 3, 1, 0]"
29,21,21,24,0.875,0,0,1.2380952380952381,0.014016312277210943,0.022965317024601643,True,18,"[0, 0, 0, 0, 0, 6, 1, 9, 5, 0, 0, 0, 0, 0, 0, 2, 2, 1]"
30,21,21,24,0.875,0,0,1.1428571428571428,0.014157312129786223,0.017048045202698148,True,18,"[0, 0, 0, 0, 0, 8, 2, 4, 5, 0, 0, 0, 1, 0, 0, 0, 3, 1]"
31,20,20,24,0.8333333333333334,0,0,1.05,0.013753106046401795,0.01597295089110438,True,18,"[0, 0, 0, 0, 0, 2, 2, 11, 1, 0, 0, 0, 0, 0, 0, 3, 2, 0]"
32,21,21,24,0.875,0,0,1.0952380952380953,0.01357383310941305,0.016173704699298654,True,18,"[0, 0, 0, 0, 0, 4, 0, 7, 7, 0, 0, 0, 0, 0, 0, 4, 0, 1]"
33,18,18,24,0.75,0,0,1.2222222222222223,0.013880320639129353,0.023700851901522595,True,18,"[0, 0, 0, 0, 0, 3, 1, 7, 6, 0, 0, 0, 2, 0, 0, 1, 1, 1]"
34,20,20,24,0.8333333333333334,0,0,1.3,0.018226870724037718,0.0879904445868477,True,18,"[0, 0, 0, 0, 0, 5, 0, 11, 3, 0, 0, 0, 0, 0, 0, 3, 3, 1]"
35,19,19,24,0.7916666666666666,0,0,1.4210526315789473,0.01256470445713891,0.016362351620324542,True,18,"[0, 0, 0, 0, 0, 1, 2, 12, 3, 0, 1, 0, 2, 0, 0, 3, 3, 0]"
36,22,22,24,0.9166666666666666,0,0,1.1363636363636365,0.01747090863546479,0.08366591745870029,True,18,"[0, 0, 0, 0, 0, 4, 0, 9, 5, 0, 0, 0, 1, 0, 0, 1, 5, 0]"
37,21,21,24,0.875,0,0,1.1428571428571428,0.013526143175375696,0.01799812465087777,True,18,"[0, 0, 0, 0, 0, 6, 1, 7, 5, 0, 0, 0, 1, 0, 0, 1, 3, 0]"
38,20,20,24,0.8333333333333334,0,0,1.25,0.013125603281950653,0.01674615530203936,True,18,"[0, 0, 0, 0, 0, 5, 1, 5, 8, 0, 0, 0, 2, 0, 0, 1, 3, 0]"
39,20,20,24,0.8333333333333334,0,0,1.5,0.012790775233631247,0.016155185316995013,True,18,"[0, 0, 0, 0, 0, 3, 1, 7, 9, 0, 0, 0, 3, 0, 0, 4, 3, 0]"
40,18,18,24,0.75,0,0,1.2222222222222223,0.013228854765838648,0.016089453575008232,True,18,"[0, 0, 0, 0, 0, 3, 0, 7, 5, 0, 0, 0, 0, 0, 0, 3, 3, 1]"
41,19,19,24,0.7916666666666666,0,0,1.3157894736842106,0.013003020797016332,0.015570536231961878,True,18,"[0, 0, 0, 0, 0, 3, 0, 11, 6, 0, 0, 0, 0, 0, 0, 2, 1, 2]"
42,17,17,24,0.7083333333333334,0,0,1.3529411764705883,0.014266619754171279,0.02469571597026976,True,18,"[0, 0, 0, 0, 0, 2, 0, 9, 4, 0, 0, 0, 1, 0, 0, 3, 4, 0]"
43,18,18,24,0.75,0,0,1.2777777777777777,0.014337468925295535,0.03962511074834432,True,18,"[0, 0, 0, 0, 0, 3, 0, 10, 5, 0, 0, 0, 2, 0, 0, 0, 3, 0]"
44,19,19,24,0.7916666666666666,0,0,1.263157894736842,0.01648342355073698,0.06178009650636369,True,18,"[0, 0, 0, 0, 0, 4, 1, 9, 3, 0, 1, 0, 0, 0, 0, 4, 2, 0]"
45,18,18,24,0.75,0,0,1.3333333333333333,0.014936193937847037,0.04504074501231157,True,18,"[0, 0, 0, 0, 0, 3, 1, 9, 5, 0, 0, 0, 0, 0, 0, 3, 3, 0]"
46,17,17,24,0.7083333333333334,0,0,1.588235294117647,0.015436362613768835,0.0672662651950268,True,18,"[0, 0, 0, 0, 0, 2, 1, 8, 5, 0, 0, 0, 1, 0, 0, 7, 3, 0]"
47,16,16,24,0.6666666666666666,0,0,1.3125,0.013665508572879377,0.01984423271476637,True,18,"[0, 0, 0, 0, 0, 3, 0, 8, 2, 0, 1, 0, 1, 0, 0, 4, 2, 0]"
48,18,18,24,0.75,0,0,1.3888888888888888,0.012117381057485258,0.014469861946622635,True,18,"[0, 0, 0, 0, 0, 3, 1, 10, 3, 0, 0, 0, 0, 0, 0, 5, 3, 0]"
49,21,21,24,0.875,0,0,1.3333333333333333,0.01585607960210656,0.07857049461675125,True,18,"[0, 0, 0, 0, 0, 3, 3, 5, 9, 0, 0, 0, 0, 0, 0, 3, 4, 1]"
50,18,18,24,0.75,0,0,1.1111111111111112,0.012959936187017768,0.014834108644699456,True,18,"[0, 0, 0, 0, 0, 3, 0, 7, 4, 0, 0, 0, 0, 0, 0, 4, 2, 0]"
51,16,16,24,0.6666666666666666,0,0,1.25,0.014557660434690567,0.04178590518725242,True,18,"[0, 0, 0, 0, 0, 5, 1, 7, 2, 0, 0, 0, 1, 0, 0, 3, 1, 0]"
52,18,18,24,0.75,0,0,1.3333333333333333,0.013681839860942343,0.035040806745118946,True,18,"[0, 0, 0, 0, 0, 4, 3, 7, 4, 0, 0, 1, 0, 0, 0, 4, 1, 0]"
53,15,15,24,0.625,0,0,1.4,0.012362797751118938,0.015925123591631167,True,18,"[0, 0, 0, 0, 0, 0, 1, 9, 4, 0, 0, 0, 2, 0, 0, 4, 1, 0]"
54,16,16,24,0.6666666666666666,0,0,1.3125,0.012769059986825778,0.023757569245398565,True,18,"[0, 0, 0, 0, 0, 4, 1, 7, 3, 0, 0, 0, 2, 0, 0, 1, 3, 0]"
55,17,17,24,0.7083333333333334,0,0,1.2941176470588236,0.016069537232744773,0.059758455861602805,True,18,"[0, 0, 0, 0, 0, 3, 1, 7, 4, 0, 0, 0, 0, 0, 0, 5, 2, 0]"
56,17,17,24,0.7083333333333334,0,0,1.3529411764705883,0.014560357744861804,0.05078435408476999,True,18,"[0, 0, 0, 0, 0, 2, 1, 7, 4, 0, 0, 0, 1, 0, 0, 5, 3, 0]"
57,16,16,24,0.6666666666666666,0,0,1.5,0.01562741759989303,0.05997783481766307,True,18,"[0, 0, 0, 0, 0, 2, 1, 8, 1, 0, 1, 1, 5, 0, 0, 1, 4, 0]"
58,20,20,24,0.8333333333333334,0,0,1.6,0.013839413800456756,0.039430587392371076,True,18,"[0, 0, 0, 0, 0, 2, 1, 10, 7, 0, 0, 0, 2, 0, 0, 8, 2, 0]"
59,17,17,24,0.7083333333333334,0,0,1.1764705882352942,0.015921269961988907,0.04174183994676674,True,18,"[0, 0, 0, 0, 0, 2, 0, 6, 4, 0, 1, 1, 3, 0, 0, 2, 1, 0]"
60,19,19,24,0.7916666666666666,0,0,1.263157894736842,0.013099553231803155,0.016924698817598824,True,18,"[0, 0, 0, 0, 0, 4, 0, 10, 4, 0, 0, 1, 3, 0, 0, 2, 0, 0]"
61,24,24,24,1.0,0,0,1.3333333333333333,0.01250923852952994,0.01825568149920576,True,18,"[0, 0, 0, 0, 0, 5, 2, 8, 6, 0, 0, 1, 2, 0, 0, 7, 1, 0]"
62,19,19,24,0.7916666666666666,0,0,1.263157894736842,0.012879766801898366,0.01518791871786165,True,18,"[0, 0, 0, 0, 0, 4, 1, 5, 9, 0, 0, 0, 2, 0, 0, 1, 2, 0]"
63,20,20,24,0.8333333333333334,0,0,1.3,0.012596070138133377,0.018217494184595888,True,18,"[0, 0, 0, 0, 0, 6, 0, 5, 6, 0, 0, 1, 1, 0, 0, 4, 3, 0]"
64,19,19,24,0.7916666666666666,0,0,1.368421052631579,0.011829417021063996,0.01906815560357509,True,18,"[0, 0, 0, 0, 0, 0, 0, 7, 8, 0, 1, 0, 3, 0, 0, 4, 3, 0]"
65,18,18,24,0.75,0,0,1.4444444444444444,0.016627757230417754,0.06082074795557151,True,18,"[0, 0, 0, 0, 0, 3, 1, 6, 4, 0, 0, 1, 4, 0, 0, 5, 2, 0]"
66,19,19,24,0.7916666666666666,0,0,1.3157894736842106,0.012737329554315113,0.01934903024070145,True,18,"[0, 0, 0, 0, 0, 5, 0, 6, 5, 0, 0, 1, 2, 0, 0, 3, 3, 0]"
67,17,17,24,0.7083333333333334,0,0,1.7058823529411764,0.01115458164889406,0.014605926737401888,True,18,"[0, 0, 0, 0, 0, 3, 2, 7, 8, 0, 0, 2, 1, 0, 0, 5, 1, 0]"
68,20,20,24,0.8333333333333334,0,0,1.1,0.013205256742850304,0.020263483013002286,True,18,"[0, 0, 0, 0, 0, 6, 1, 5, 5, 0, 0, 1, 2, 0, 0, 2, 0, 0]"
69,16,16,24,0.6666666666666666,0,0,1.5625,0.014301025901201043,0.05429077926713583,True,18,"[0, 0, 0, 0, 0, 2, 0, 10, 2, 0, 0, 1, 3, 0, 0, 5, 2, 0]"
70,19,19,24,0.7916666666666666,0,0,1.3157894736842106,0.013186385986057597,0.03785828972305831,True,18,"[0, 0, 0, 0, 0, 4, 1, 11, 4, 0, 1, 0, 1, 0, 0, 3, 0, 0]"
71,18,18,24,0.75,0,0,1.1666666666666667,0.012507429316585923,0.014142040110875236,True,18,"[0, 0, 0, 0, 0, 3, 1, 4, 3, 0, 0, 0, 4, 0, 0, 6, 0, 0]"
72,23,23,24,0.9583333333333334,0,0,1.3478260869565217,0.01360718045089857,0.05468386896083991,True,18,"[0, 0, 0, 0, 0, 3, 1, 8, 7, 0, 1, 2, 1, 0, 0, 4, 4, 0]"
73,17,17,24,0.7083333333333334,0,0,1.2941176470588236,0.012576319226977642,0.015019725696344655,True,18,"[0, 0, 0, 0, 0, 4, 0, 5, 3, 0, 1, 0, 2, 0, 0, 5, 2, 0]"
74,15,15,24,0.625,0,0,1.2666666666666666,0.014651476016895641,0.050116168204620025,True,18,"[0, 0, 0, 0, 0, 1, 0, 7, 5, 0, 0, 0, 3, 0, 0, 2, 1, 0]"
75,20,20,24,0.8333333333333334,0,0,1.1,0.012552290775320236,0.014940504981186573,True,18,"[0, 0, 0, 0, 0, 3, 0, 9, 3, 0, 0, 0, 3, 0, 0, 3, 1, 0]"
76,22,22,24,0.9166666666666666,0,0,1.4090909090909092,0.0116584878674039,0.01629388979700364,True,18,"[0, 0, 0, 0, 0, 2, 1, 10, 6, 0, 0, 0, 4, 0, 0, 4, 4, 0]"
77,18,18,24,0.75,0,0,1.3888888888888888,0.012114990570950961,0.014595206671881468,True,18,"[0, 0, 0, 0, 0, 3, 1, 8, 4, 0, 0, 1, 3, 0, 0, 4, 1, 0]"
78,22,22,24,0.9166666666666666,0,0,1.2272727272727273,0.011929874190225042,0.018169193714193923,True,18,"[0, 0, 0, 0, 0, 1, 0, 8, 7, 0, 0, 1, 1, 0, 0, 8, 1, 0]"
79,18,18,24,0.75,0,0,1.3333333333333333,0.011680645434036319,0.020446256580142808,True,18,"[0, 0, 0, 0, 0, 3, 0, 10, 5, 0, 0, 1, 0, 0, 0, 3, 2, 0]"
80,21,21,24,0.875,0,0,1.380952380952381,0.011530507741167251,0.015508592805839582,True,18,"[0, 0, 0, 0, 0, 3, 0, 10, 5, 0, 1, 1, 2, 0, 0, 4, 3, 0]"
81,18,18,24,0.75,0,0,1.2222222222222223,0.01207866641313574,0.016013708155770665,True,18,"[0, 0, 0, 0, 0, 3, 0, 8, 7, 0, 1, 0, 1, 0, 0, 2, 0, 0]"
82,19,19,24,0.7916666666666666,0,0,1.2105263157894737,0.016522607023031426,0.10014570920775556,True,18,"[0, 0, 0, 0, 0, 7, 1, 7, 2, 0, 1, 0, 1, 0, 0, 3, 1, 0]"
83,20,20,24,0.8333333333333334,0,0,1.15,0.011719911839425811,0.016267340481749208,True,18,"[0, 0, 0, 0, 0, 2, 1, 10, 4, 0, 0, 0, 3, 0, 0, 2, 1, 0]"
84,19,19,24,0.7916666666666666,0,0,1.3157894736842106,0.011782403721663082,0.01965276976857467,True,18,"[0, 0, 0, 0, 0, 5, 1, 8, 3, 0, 0, 0, 2, 0, 0, 4, 2, 0]"
85,15,15,24,0.625,0,0,1.4666666666666666,0.011105475580732136,0.017282663264917623,True,18,"[0, 0, 0, 0, 0, 1, 0, 11, 2, 0, 1, 1, 2, 0, 0, 4, 0, 0]"
86,17,17,24,0.7083333333333334,0,0,1.2352941176470589,0.012069906706461866,0.015052703317632716,True,18,"[0, 0, 0, 0, 0, 4, 1, 7, 3, 0, 0, 0, 2, 0, 0, 3, 1, 0]"
87,15,15,24,0.625,0,0,1.4,0.016052869566739972,0.07644002060341291,True,18,"[0, 0, 0, 0, 0, 1, 0, 8, 4, 0, 0, 2, 1, 0, 0, 4, 1, 0]"
88,18,18,24,0.75,0,0,1.6111111111111112,0.01519913965505808,0.06135936743432118,True,18,"[0, 0, 0, 0, 0, 5, 0, 7, 5, 0, 1, 1, 2, 0, 0, 7, 0, 1]"
89,16,16,24,0.6666666666666666,0,0,1.4375,0.011845722507759938,0.02887366285505781,True,18,"[0, 0, 0, 0, 0, 2, 0, 7, 7, 0, 1, 1, 3, 0, 0, 2, 0, 0]"
90,16,16,24,0.6666666666666666,0,0,1.4375,0.011740372860019901,0.02007845266351208,True,18,"[0, 0, 0, 0, 0, 2, 0, 4, 7, 0, 0, 1, 2, 0, 0, 7, 0, 0]"
91,20,20,24,0.8333333333333334,0,0,1.35,0.013077094044284643,0.041614883529878195,True,18,"[0, 0, 0, 0, 0, 3, 0, 8, 6, 0, 1, 2, 1, 0, 0, 3, 2, 1]"
92,20,20,24,0.8333333333333334,0,0,1.35,0.011153362710552764,0.013247533751276772,True,18,"[0, 0, 0, 0, 0, 5, 0, 9, 5, 0, 1, 0, 3, 0, 0, 3, 1, 0]"
93,19,19,24,0.7916666666666666,0,0,1.263157894736842,0.0113556047912122,0.014762295238226423,True,18,"[0, 0, 0, 0, 0, 5, 0, 11, 2, 0, 0, 2, 2, 0, 0, 2, 0, 0]"
94,15,15,24,0.625,0,0,1.2666666666666666,0.014600610887235712,0.04618032226042716,True,18,"[0, 0, 0, 0, 0, 1, 0, 6, 5, 0, 0, 1, 0, 0, 0, 6, 0, 0]"
95,18,18,24,0.75,0,0,1.3888888888888888,0.011941121508484368,0.02756143115801118,True,18,"[0, 0, 0, 0, 0, 5, 0, 6, 5, 0, 0, 0, 3, 0, 0, 5, 1, 0]"
96,12,12,24,0.5,0,0,1.5,0.012047076332814183,0.015039751538306407,True,18,"[0, 0, 0, 0, 0, 2, 0, 5, 3, 0, 0, 0, 3, 0, 0, 5, 0, 0]"
97,17,17,24,0.7083333333333334,0,0,1.5294117647058822,0.013601311523819453,0.050607552994599556,True,18,"[0, 0, 0, 0, 0, 3, 0, 10, 4, 0, 0, 0, 3, 0, 0, 4, 1, 1]"
98,18,18,24,0.75,0,0,1.2777777777777777,0.01838329627947303,0.10855169985006896,True,18,"[0, 0, 0, 0, 0, 2, 0, 7, 6, 0, 0, 2, 1, 0, 0, 3, 1, 1]"
99,18,18,24,0.75,0,0,1.2222222222222223,0.015592643978077365,0.08515917001356046,True,18,"[0, 0, 0, 0, 0, 4, 0, 4, 7, 0, 0, 1, 2, 0, 0, 3, 1, 0]"
100,18,18,24,0.75,0,0,1.3333333333333333,0.01057398514511299,0.01460668890746955,True,18,"[0, 0, 0, 0, 0, 2, 0, 11, 6, 0, 0, 1, 1, 0, 0, 2, 1, 0]"
101,18,18,24,0.75,0,0,1.6666666666666667,0.010166596850601362,0.01270515269166893,True,18,"[0, 0, 0, 0, 0, 2, 0, 9, 8, 0, 1, 1, 3, 0, 0, 3, 2, 1]"
102,17,17,24,0.7083333333333334,0,0,1.3529411764705883,0.018501338270316366,0.05484020678707882,True,18,"[0, 0, 0, 0, 0, 2, 0, 6, 5, 0, 0, 0, 3, 0, 0, 6, 1, 0]"
103,18,18,24,0.75,0,0,1.2777777777777777,0.011074327831706622,0.015805437925300467,True,18,"[0, 0, 0, 0, 0, 1, 0, 4, 9, 0, 0, 3, 2, 0, 0, 3, 1, 0]"
104,17,17,24,0.7083333333333334,0,0,1.2352941176470589,0.01103299915639166,0.014119949199210622,True,18,"[0, 0, 0, 0, 0, 0, 0, 8, 4, 0, 0, 0, 2, 0, 0, 5, 1, 1]"
105,16,16,24,0.6666666666666666,0,0,1.75,0.010630875424850365,0.021573314921639143,True,18,"[0, 0, 0, 0, 0, 2, 0, 8, 7, 0, 0, 2, 2, 0, 0, 5, 1, 1]"
106,12,12,24,0.5,0,0,1.5833333333333333,0.011157742484756808,0.015497754962271498,True,18,"[0, 0, 0, 0, 0, 2, 0, 3, 2, 0, 1, 1, 5, 0, 0, 4, 1, 0]"
107,16,16,24,0.6666666666666666,0,0,1.4375,0.01055038829927593,0.012277959668422725,True,18,"[0, 0, 0, 0, 0, 0, 0, 7, 8, 0, 0, 1, 2, 0, 0, 5, 0, 0]"
108,15,15,24,0.625,0,0,1.4,0.011213686516596306,0.015516216596877797,True,18,"[0, 0, 0, 0, 0, 2, 0, 4, 5, 0, 0, 1, 5, 0, 0, 4, 0, 0]"
109,14,14,24,0.5833333333333334,0,0,1.2857142857142858,0.013612031657077238,0.04747991641307369,True,18,"[0, 0, 0, 0, 0, 3, 0, 4, 5, 0, 0, 0, 1, 0, 0, 4, 0, 1]"
110,17,17,24,0.7083333333333334,0,0,1.3529411764705883,0.01073688482592684,0.01621027340847613,True,18,"[0, 0, 0, 0, 0, 1, 0, 8, 4, 0, 1, 0, 4, 0, 0, 5, 0, 0]"
111,13,13,24,0.5416666666666666,0,0,1.5384615384615385,0.01004286147766878,0.012280266151775717,True,18,"[0, 0, 0, 0, 0, 2, 0, 4, 6, 0, 0, 1, 3, 0, 0, 3, 1, 0]"
112,11,11,24,0.4583333333333333,0,0,1.3636363636363635,0.010654456562169857,0.012212641828134372,True,18,"[0, 0, 0, 0, 0, 2, 0, 1, 6, 0, 0, 0, 2, 0, 0, 4, 0, 0]"
113,13,13,24,0.5416666666666666,0,0,1.4615384615384615,0.01049552146251263,0.01366319000353123,True,18,"[0, 0, 0, 0, 0, 2, 0, 1, 7, 0, 0, 0, 2, 0, 0, 6, 0, 1]"
114,13,13,24,0.5416666666666666,0,0,1.3846153846153846,0.01019785010316663,0.013914093087369553,True,18,"[0, 0, 0, 0, 0, 2, 0, 5, 5, 0, 0, 1, 1, 0, 0, 4, 0, 0]"
115,17,17,24,0.7083333333333334,0,0,1.2941176470588236,0.01098568066918317,0.014794045373714126,True,18,"[0, 0, 0, 0, 0, 2, 0, 4, 8, 0, 0, 0, 2, 0, 0, 5, 1, 0]"
116,15,15,24,0.625,0,0,1.3333333333333333,0.02083618436889226,0.1586716717689789,True,18,"[0, 0, 0, 0, 0, 4, 0, 2, 5, 0, 0, 1, 4, 0, 0, 4, 0, 0]"
117,14,14,24,0.5833333333333334,0,0,1.5,0.017901871957556575,0.07517349346998824,True,18,"[0, 0, 0, 0, 0, 3, 0, 5, 2, 0, 0, 0, 4, 0, 0, 6, 0, 1]"
118,17,17,24,0.7083333333333334,0,0,1.1764705882352942,0.010725441302961887,0.014487007179734206,True,18,"[0, 0, 0, 0, 0, 2, 0, 8, 4, 0, 0, 0, 3, 0, 0, 3, 0, 0]"
119,15,15,24,0.625,0,0,1.2666666666666666,0.010670178159884901,0.014492543175039093,True,18,"[0, 0, 0, 0, 0, 4, 0, 4, 4, 0, 0, 0, 4, 0, 0, 2, 0, 1]"
120,13,13,24,0.5416666666666666,0,0,1.3846153846153846,0.010796707184887998,0.014895582518854682,True,18,"[0, 0, 0, 0, 0, 1, 0, 7, 2, 0, 0, 1, 5, 0, 0, 2, 0, 0]"
121,10,10,24,0.4166666666666667,0,0,1.3,0.01110866943571219,0.016487280033612647,True,18,"[0, 0, 0, 0, 0, 0, 0, 2, 6, 0, 0, 1, 1, 0, 0, 3, 0, 0]"
122,13,13,24,0.5416666666666666,0,0,1.2307692307692308,0.01041093880147406,0.016717923783582053,True,18,"[0, 0, 0, 0, 0, 4, 0, 5, 4, 0, 0, 0, 3, 0, 0, 0, 0, 0]"
123,10,10,24,0.4166666666666667,0,0,1.7,0.01043986801232658,0.01483332224948765,True,18,"[0, 0, 0, 0, 0, 0, 0, 5, 6, 0, 1, 1, 1, 0, 0, 3, 0, 0]"
124,11,11,24,0.4583333333333333,0,0,1.2727272727272727,0.010051344999359241,0.012121639566945881,True,18,"[0, 0, 0, 0, 0, 1, 0, 8, 1, 0, 0, 0, 1, 0, 0, 3, 0, 0]"
125,13,13,24,0.5416666666666666,0,0,1.0769230769230769,0.01321721740675332,0.041117845702451535,True,18,"[0, 0, 0, 0, 0, 2, 0, 5, 4, 0, 0, 0, 1, 0, 0, 2, 0, 0]"
126,12,12,24,0.5,0,0,1.4166666666666667,0.010354034216464832,0.01177049313831694,True,18,"[0, 0, 0, 0, 0, 2, 0, 6, 4, 0, 1, 0, 3, 0, 0, 1, 0, 0]"
127,12,12,24,0.5,0,0,1.4166666666666667,0.010517618443570987,0.013278420706529162,True,18,"[0, 0, 0, 0, 0, 0, 0, 7, 3, 0, 0, 2, 1, 0, 0, 4, 0, 0]"
128,9,9,24,0.375,0,0,1.4444444444444444,0.010397981206113707,0.011998085134065903,True,18,"[0, 0, 0, 0, 0, 1, 0, 3, 1, 0, 0, 1, 2, 0, 0, 5, 0, 0]"
129,12,12,24,0.5,0,0,1.1666666666666667,0.01856196655090362,0.09502069890475501,True,18,"[0, 0, 0, 0, 0, 2, 0, 3, 3, 0, 1, 1, 2, 0, 0, 2, 0, 0]"
130,11,11,24,0.4583333333333333,0,0,1.2727272727272727,0.011132417853201883,0.016231622833679692,True,18,"[0, 0, 0, 0, 0, 1, 0, 3, 3, 0, 1, 1, 2, 0, 0, 3, 0, 0]"
131,10,10,24,0.4166666666666667,0,0,1.3,0.010916663520712178,0.016116866266382146,True,18,"[0, 0, 0, 0, 0, 0, 0, 5, 4, 0, 0, 0, 2, 0, 0, 1, 1, 0]"
132,10,10,24,0.4166666666666667,0,0,1.6,0.00939354942682011,0.01307794135148424,True,18,"[0, 0, 0, 0, 0, 2, 0, 4, 5, 0, 0, 0, 1, 0, 0, 4, 0, 0]"
133,9,9,24,0.375,0,0,1.1111111111111112,0.011404677388506403,0.015616310121366024,True,18,"[0, 0, 0, 0, 0, 0, 0, 3, 3, 0, 0, 0, 1, 0, 0, 3, 0, 0]"
134,9,9,24,0.375,0,0,1.5555555555555556,0.010449042129422987,0.01330772302242313,True,18,"[0, 0, 0, 0, 0, 1, 0, 4, 6, 0, 0, 1, 1, 0, 0, 1, 0, 0]"
135,11,11,24,0.4583333333333333,0,0,1.1818181818181819,0.010759093109842756,0.015362283961160067,True,18,"[0, 0, 0, 0, 0, 1, 0, 5, 2, 0, 0, 1, 3, 0, 0, 1, 0, 0]"
136,10,10,24,0.4166666666666667,0,0,1.4,0.010380220805365995,0.014020075066367687,True,18,"[0, 0, 0, 0, 0, 2, 0, 6, 3, 0, 0, 1, 1, 0, 0, 1, 0, 0]"
137,9,9,24,0.375,0,0,1.2222222222222223,0.010419037566351538,0.015048606628697114,True,18,"[0, 0, 0, 0, 0, 0, 0, 4, 4, 0, 0, 1, 1, 0, 0, 1, 0, 0]"
138,10,10,24,0.4166666666666667,0,0,1.6,0.01043186756029082,0.013407872865551729,True,18,"[0, 0, 0, 0, 0, 1, 0, 3, 5, 0, 0, 1, 3, 0, 0, 3, 0, 0]"
139,9,9,24,0.375,0,0,1.5555555555555556,0.009551827635563838,0.011350821854028536,True,18,"[0, 0, 0, 0, 0, 0, 0, 4, 4, 0, 0, 1, 3, 0, 0, 2, 0, 0]"
140,12,12,24,0.5,0,0,1.3333333333333333,0.009852323426884546,0.013942761654935349,True,18,"[0, 0, 0, 0, 0, 2, 0, 5, 6, 0, 0, 1, 0, 0, 0, 1, 0, 1]"
141,9,9,24,0.375,0,0,1.4444444444444444,0.010276740411562197,0.0136504830309753,True,18,"[0, 0, 0, 0, 0, 1, 0, 2, 4, 0, 0, 2, 3, 0, 0, 1, 0, 0]"
142,8,8,24,0.3333333333333333,0,0,1.25,0.011788236322287926,0.017713474042548086,True,18,"[0, 0, 0, 0, 0, 1, 0, 2, 3, 0, 0, 0, 2, 0, 0, 2, 0, 0]"
143,10,10,24,0.4166666666666667,0,0,1.3,0.011507353684902357,0.01726696168181186,True,18,"[0, 0, 0, 0, 0, 1, 0, 3, 4, 0, 0, 0, 2, 0, 0, 3, 0, 0]"
144,7,7,24,0.2916666666666667,0,0,1.2857142857142858,0.010262083370229894,0.015216779709856338,True,18,"[0, 0, 0, 0, 0, 1, 0, 3, 2, 0, 0, 1, 1, 0, 0, 1, 0, 0]"
145,7,7,24,0.2916666666666667,0,0,1.5714285714285714,0.009873081024879118,0.012626330318480773,True,18,"[0, 0, 0, 0, 0, 1, 0, 3, 4, 0, 0, 0, 1, 0, 0, 2, 0, 0]"
146,7,7,24,0.2916666666666667,0,0,1.7142857142857142,0.009752511553589535,0.01301370035738773,True,18,"[0, 0, 0, 0, 0, 1, 0, 3, 3, 0, 0, 0, 3, 0, 0, 2, 0, 0]"
147,7,7,24,0.2916666666666667,0,0,1.8571428571428572,0.00944169922430069,0.016092899154262826,True,18,"[0, 0, 0, 0, 0, 0, 0, 4, 4, 0, 1, 1, 2, 0, 0, 1, 0, 0]"
148,7,7,24,0.2916666666666667,0,0,1.1428571428571428,0.0103732986594639,0.016449490877546588,True,18,"[0, 0, 0, 0, 0, 0, 0, 3, 3, 0, 0, 1, 0, 0, 0, 1, 0, 0]"
149,9,9,24,0.375,0,0,1.1111111111111112,0.010240349571509945,0.015678427023247725,True,18,"[0, 0, 0, 0, 0, 1, 0, 3, 3, 0, 0, 0, 1, 0, 0, 2, 0, 0]"
150,6,6,24,0.25,0,0,1.8333333333333333,0.00889413213696826,0.009841596789634553,True,18,"[0, 0, 0, 0, 0, 0, 0, 1, 3, 0, 0, 0, 3, 0, 0, 4, 0, 0]"
151,6,6,24,0.25,0,0,1.8333333333333333,0.010020966060009745,0.012741161520596686,True,18,"[0, 0, 0, 0, 0, 1, 0, 4, 1, 0, 0, 0, 2, 0, 0, 3, 0, 0]"
152,5,5,24,0.20833333333333334,0,0,1.4,0.009329511749252848,0.012916841478362175,True,18,"[0, 0, 0, 0, 0, 0, 0, 3, 2, 0, 0, 0, 0, 0, 0, 2, 0, 0]"
153,5,5,24,0.20833333333333334,0,0,1.6,0.010928223887626378,0.013967617226954382,True,18,"[0, 0, 0, 0, 0, 1, 0, 1, 2, 0, 0, 1, 1, 0, 0, 2, 0, 0]"
154,6,6,24,0.25,0,0,1.6666666666666667,0.009683247982211625,0.014666406882898839,True,18,"[0, 0, 0, 0, 0, 2, 0, 3, 2, 0, 0, 0, 1, 0, 0, 2, 0, 0]"
155,5,5,24,0.20833333333333334,0,0,1.8,0.01014311429451167,0.01614541455341493,True,18,"[0, 0, 0, 0, 0, 1, 0, 3, 1, 0, 0, 2, 1, 0, 0, 1, 0, 0]"
156,6,6,24,0.25,0,0,1.6666666666666667,0.008968912286097095,0.012348757707958973,True,18,"[0, 0, 0, 0, 0, 0, 0, 0, 4, 0, 0, 1, 1, 0, 0, 3, 0, 1]"
157,5,5,24,0.20833333333333334,0,0,1.4,0.009537273185711709,0.013683898706661318,True,18,"[0, 0, 0, 0, 0, 0, 0, 1, 4, 0, 0, 1, 1, 0, 0, 0, 0, 0]"
158,6,6,24,0.25,0,0,1.1666666666666667,0.010216757601057983,0.013091176811028189,True,18,"[0, 0, 0, 1, 0, 2, 0, 1, 2, 0, 0, 0, 0, 0, 0, 1, 0, 0]"
159,4,4,24,0.16666666666666666,0,0,1.75,0.009217177487039692,0.011948701017055375,True,18,"[0, 0, 0, 0, 0, 0, 0, 1, 3, 0, 1, 0, 0, 0, 0, 2, 0, 0]"
160,3,3,24,0.125,0,0,2.0,0.008757345843564308,0.00972820269047653,True,18,"[0, 0, 0, 0, 0, 0, 0, 1, 3, 0, 0, 0, 1, 0, 0, 1, 0, 0]"
161,4,4,24,0.16666666666666666,0,0,1.75,0.008317513950743155,0.009871770843277393,True,18,"[0, 0, 0, 0, 0, 0, 0, 2, 3, 0, 0, 0, 2, 0, 0, 0, 0, 0]"
162,5,5,24,0.20833333333333334,0,0,2.0,0.009175131529817478,0.015234548678878851,True,18,"[0, 0, 0, 0, 0, 0, 0, 3, 2, 0, 0, 1, 0, 0, 0, 4, 0, 0]"
163,4,4,24,0.16666666666666666,0,0,1.25,0.01106720494170904,0.012065726912229758,True,18,"[0, 0, 0, 0, 0, 1, 0, 0, 1, 0, 0, 2, 0, 0, 0, 1, 0, 0]"
164,3,3,24,0.125,0,0,2.0,0.010357776244041833,0.012834498411550219,True,18,"[0, 0, 0, 0, 0, 0, 0, 1, 2, 0, 0, 0, 1, 0, 0, 2, 0, 0]"
165,5,5,24,0.20833333333333334,0,0,1.6,0.010302692972318495,0.015517171413051182,True,18,"[0, 0, 0, 0, 0, 0, 0, 2, 2, 0, 0, 1, 0, 0, 0, 3, 0, 0]"
166,4,4,24,0.16666666666666666,0,0,1.25,0.00882432198292852,0.01128930790785411,True,18,"[0, 0, 0, 0, 0, 0, 0, 2, 3, 0, 0, 0, 0, 0, 0, 0, 0, 0]"
167,6,6,24,0.25,0,0,1.5,0.011633271765153483,0.014512346498717788,True,18,"[0, 0, 0, 0, 0, 1, 0, 3, 1, 0, 1, 0, 2, 0, 0, 0, 0, 1]"
168,5,5,24,0.20833333333333334,0,0,1.4,0.009951376993349546,0.01219272920110006,True,18,"[0, 0, 0, 0, 0, 1, 0, 1, 1, 0, 0, 1, 1, 0, 0, 2, 0, 0]"
169,4,4,24,0.16666666666666666,0,0,2.0,0.009907467720789973,0.014810316937100968,True,18,"[0, 0, 0, 0, 0, 0, 0, 1, 2, 0, 0, 1, 1, 0, 0, 3, 0, 0]"
170,6,6,24,0.25,0,0,1.3333333333333333,0.010229850330205069,0.012909657919870133,True,18,"[0, 0, 0, 0, 0, 1, 0, 2, 1, 0, 0, 0, 1, 0, 0, 3, 0, 0]"
171,6,6,24,0.25,0,0,1.1666666666666667,0.010965789169883252,0.012585547391393382,True,18,"[0, 0, 0, 0, 0, 2, 0, 2, 0, 0, 0, 0, 1, 0, 0, 2, 0, 0]"
172,4,4,24,0.16666666666666666,0,0,2.25,0.008952846958623062,0.01010759068398044,True,18,"[0, 0, 0, 0, 0, 0, 0, 2, 2, 0, 0, 1, 2, 0, 0, 2, 0, 0]"
173,4,4,24,0.16666666666666666,0,0,2.0,0.009273839268381646,0.011786706843791352,True,18,"[0, 0, 0, 0, 0, 0, 0, 1, 3, 0, 0, 0, 1, 0, 0, 3, 0, 0]"
174,5,5,24,0.20833333333333334,0,0,1.8,0.009718099373532133,0.010743365149719802,True,18,"[0, 0, 0, 0, 0, 1, 0, 1, 1, 0, 1, 0, 3, 0, 0, 2, 0, 0]"
175,3,3,24,0.125,0,0,2.6666666666666665,0.010365978172197572,0.013951089400589749,True,18,"[0, 0, 0, 0, 0, 0, 0, 2, 1, 0, 0, 1, 2, 0, 0, 2, 0, 0]"
176,4,4,24,0.16666666666666666,0,0,2.0,0.010189996786791566,0.013730048797956262,True,18,"[0, 0, 0, 0, 0, 0, 0, 3, 1, 0, 1, 0, 1, 0, 0, 2, 0, 0]"
177,3,3,24,0.125,0,0,1.6666666666666667,0.00936606616276825,0.012782228989602896,True,18,"[0, 0, 0, 0, 0, 0, 0, 0, 2, 0, 0, 1, 0, 0, 0, 1, 1, 0]"
178,4,4,24,0.16666666666666666,0,0,1.75,0.010544389524768567,0.013588563937051535,True,18,"[0, 0, 0, 0, 0, 0, 0, 1, 1, 0, 0, 1, 1, 0, 0, 2, 0, 1]"
179,4,4,24,0.16666666666666666,0,0,1.5,0.010227672290456898,0.011713359306027231,True,18,"[0, 0, 0, 0, 0, 0, 0, 1, 3, 0, 0, 0, 1, 0, 0, 1, 0, 0]"
180,4,4,24,0.16666666666666666,0,0,2.0,0.00839969739709895,0.012187063269259774,True,18,"[0, 0, 0, 0, 0, 0, 0, 0, 3, 0, 1, 0, 2, 0, 0, 2, 0, 0]"
181,3,3,24,0.125,0,0,2.6666666666666665,0.008294745665419415,0.010791080307400372,True,18,"[0, 0, 0, 0, 0, 0, 0, 2, 2, 0, 0, 1, 2, 0, 0, 1, 0, 0]"
182,4,4,24,0.16666666666666666,0,0,1.25,0.009698164662156821,0.014387411314120323,True,18,"[0, 0, 0, 0, 0, 1, 0, 0, 2, 0, 0, 0, 1, 0, 0, 1, 0, 0]"
183,3,3,24,0.125,0,0,2.0,0.00836089029692799,0.009672648304026497,True,18,"[0, 0, 0, 0, 0, 0, 0, 0, 1, 0, 0, 1, 1, 0, 0, 2, 1, 0]"
184,3,3,24,0.125,0,0,1.0,0.01038544890675166,0.01277699668104334,True,18,"[0, 0, 0, 0, 0, 0, 0, 0, 2, 0, 0, 0, 1, 0, 0, 0, 0, 0]"
185,3,3,24,0.125,0,0,1.3333333333333333,0.010676326324438412,0.013773373291358864,True,18,"[0, 0, 0, 0, 0, 0, 0, 1, 1, 0, 0, 0, 1, 0, 0, 0, 0, 1]"
186,4,4,24,0.16666666666666666,0,0,1.75,0.008793247900626591,0.0122769486410136,True,18,"[0, 0, 0, 0, 0, 0, 0, 2, 3, 0, 0, 1, 0, 0, 0, 1, 0, 0]"
187,3,3,24,0.125,0,0,2.6666666666666665,0.007528234966886636,0.008882184033578745,True,18,"[0, 0, 0, 0, 0, 0, 0, 2, 1, 0, 0, 0, 2, 0, 0, 2, 1, 0]"
188,3,3,24,0.125,0,0,1.3333333333333333,0.00940206371319186,0.010495129629950185,True,18,"[0, 0, 0, 0, 0, 0, 0, 1, 1, 0, 0, 0, 1, 0, 0, 1, 0, 0]"
189,3,3,24,0.125,0,0,1.6666666666666667,0.00824944704973927,0.009542704501831997,True,18,"[0, 0, 0, 0, 0, 1, 0, 0, 1, 0, 0, 1, 0, 0, 0, 2, 0, 0]"
190,4,4,24,0.16666666666666666,0,0,1.0,0.010620065627583407,0.013913721068012039,True,18,"[0, 0, 0, 0, 0, 0, 0, 0, 2, 0, 0, 0, 0, 0, 0, 1, 0, 1]"
191,4,4,24,0.16666666666666666,0,0,2.0,0.00803848924062882,0.010507549488222643,True,18,"[0, 0, 0, 0, 0, 0, 0, 4, 2, 0, 0, 0, 0, 0, 0, 2, 0, 0]"
192,3,3,24,0.125,0,0,1.6666666666666667,0.007719366258419132,0.01038175120332725,True,18,"[0, 0, 0, 0, 0, 0, 0, 0, 2, 0, 0, 0, 1, 0, 0, 2, 0, 0]"
193,3,3,24,0.125,0,0,2.6666666666666665,0.008316508818124636,0.011762016085344634,True,18,"[0, 0, 0, 0, 0, 0, 0, 2, 1, 0, 1, 0, 2, 0, 0, 2, 0, 0]"
194,2,2,24,0.08333333333333333,0,0,2.5,0.007650659576565915,0.009798922061473151,True,18,"[0, 0, 0, 0, 0, 0, 0, 1, 1, 0, 0, 0, 2, 0, 0, 1, 0, 0]"
195,4,4,24,0.16666666666666666,0,0,2.0,0.00871640104623826,0.012481993442967297,True,18,"[0, 0, 0, 0, 0, 0, 0, 1, 2, 0, 0, 0, 1, 0, 0, 2, 1, 1]"
196,3,3,24,0.125,0,0,1.6666666666666667,0.009320126972938117,0.012674770228615646,True,18,"[0, 0, 0, 0, 0, 0, 0, 2, 1, 0, 0, 0, 1, 0, 0, 1, 0, 0]"
197,3,3,24,0.125,0,0,2.0,0.008890560474002706,0.012254992764160177,True,18,"[0, 0, 0, 0, 0, 0, 0, 0, 3, 0, 0, 1, 0, 0, 0, 2, 0, 0]"
198,4,4,24,0.16666666666666666,0,0,1.0,0.009879986716226754,0.013471429845064194,True,18,"[0, 0, 0, 0, 0, 0, 0, 0, 2, 0, 0, 0, 2, 0, 0, 0, 0, 0]"
199,4,4,24,0.16666666666666666,0,0,1.25,0.010591227292154008,0.013796050030943337,True,18,"[0, 0, 0, 0, 0, 0, 0, 0, 2, 0, 0, 0, 1, 0, 0, 2, 0, 0]"
200,3,3,24,0.125,0,0,1.3333333333333333,0.010284706792746054,0.01394114352203969,True,18,"[0, 0, 0, 0, 0, 0, 0, 0, 3, 0, 0, 0, 0, 0, 0, 1, 0, 0]"
201,2,2,24,0.08333333333333333,0,0,1.5,0.010604383789206836,0.014273494407926484,True,18,"[0, 0, 0, 0, 0, 1, 0, 1, 0, 0, 0, 0, 0, 0, 0, 1, 0, 0]"
202,3,3,24,0.125,0,0,1.0,0.011348593983209346,0.016142844224714743,True,18,"[0, 0, 0, 0, 0, 0, 0, 0, 0, 0, 0, 1, 0, 0, 0, 2, 0, 0]"
203,3,3,24,0.125,0,0,2.3333333333333335,0.008182309545235807,0.009266832315940342,True,18,"[0, 0, 0, 0, 0, 0, 0, 1, 1, 0, 0, 2, 0, 0, 0, 3, 0, 0]"
204,4,4,24,0.16666666666666666,0,0,1.75,0.0073845952896632655,0.009464269818123571,True,18,"[0, 0, 0, 0, 0, 0, 0, 1, 2, 0, 0, 0, 2, 0, 0, 2, 0, 0]"
205,3,3,24,0.125,0,0,1.6666666666666667,0.007399880970235838,0.008530341675875667,True,18,"[0, 0, 0, 0, 0, 0, 0, 2, 0, 0, 0, 0, 1, 0, 0, 2, 0, 0]"
206,2,2,24,0.08333333333333333,0,0,2.5,0.008761133944819182,0.00970373862901154,True,18,"[0, 0, 0, 0, 0, 0, 0, 0, 2, 0, 0, 0, 1, 0, 0, 2, 0, 0]"
207,2,2,24,0.08333333333333333,0,0,2.0,0.01038068959505676,0.013583376850677818,True,18,"[0, 0, 0, 0, 0, 0, 0, 0, 1, 0, 0, 1, 0, 0, 0, 2, 0, 0]"
208,3,3,24,0.125,0,0,1.6666666666666667,0.00965687858357541,0.014718673636728314,True,18,"[0, 0, 0, 0, 0, 0, 0, 1, 0, 0, 0, 1, 1, 0, 0, 2, 0, 0]"
209,4,4,24,0.16666666666666666,0,0,2.0,0.00861729899092009,0.009624539423179998,True,18,"[0, 0, 0, 0, 0, 0, 0, 2, 3, 0, 0, 0, 2, 0, 0, 1, 0, 0]"
210,2,2,24,0.08333333333333333,0,0,1.5,0.008790624443017961,0.009247133352937555,True,18,"[0, 0, 0, 0, 0, 0, 0, 0, 1, 0, 0, 0, 0, 0, 0, 2, 0, 0]"
211,2,2,24,0.08333333333333333,0,0,2.0,0.007831174592796076,0.008429342835362468,True,18,"[0, 0, 0, 0, 0, 0, 0, 1, 1, 0, 0, 0, 1, 0, 0, 1, 0, 0]"
212,3,3,24,0.125,0,0,1.6666666666666667,0.008207937778288368,0.008965544130113225,True,18,"[0, 0, 0, 0, 0, 0, 0, 0, 1, 0, 0, 0, 3, 0, 0, 1, 0, 0]"
213,3,3,24,0.125,0,0,1.3333333333333333,0.010115867712515015,0.011841153920723827,True,18,"[0, 0, 0, 0, 0, 0, 0, 0, 2, 0, 0, 0, 1, 0, 0, 1, 0, 0]"
214,2,2,24,0.08333333333333333,0,0,1.0,0.011338071736205048,0.011684999042507457,True,18,"[0, 0, 0, 0, 0, 0, 0, 0, 1, 0, 0, 0, 1, 0, 0, 0, 0, 0]"
215,3,3,24,0.125,0,0,1.0,0.01096409392085019,0.014490369356537521,True,18,"[0, 0, 0, 0, 0, 1, 0, 0, 0, 0, 0, 0, 0, 0, 0, 2, 0, 0]"
216,2,2,24,0.08333333333333333,0,0,2.5,0.009970358715178568,0.01048079221150716,True,18,"[0, 0, 0, 0, 0, 0, 0, 0, 2, 0, 0, 1, 1, 0, 0, 1, 0, 0]"
217,3,3,24,0.125,0,0,1.6666666666666667,0.00917278779159135,0.011131345990739687,True,18,"[0, 0, 0, 0, 0, 0, 0, 1, 1, 0, 0, 0, 0, 0, 0, 3, 0, 0]"
218,3,3,24,0.125,0,0,1.6666666666666667,0.011277803848843212,0.014493245669556613,True,18,"[0, 0, 0, 0, 0, 0, 0, 0, 1, 0, 0, 0, 0, 0, 0, 3, 0, 1]"
219,2,2,24,0.08333333333333333,0,0,2.5,0.00870986835394484,0.009751542819321491,True,18,"[0, 0, 0, 0, 0, 0, 0, 0, 2, 0, 0, 0, 2, 0, 0, 1, 0, 0]"
220,2,2,24,0.08333333333333333,0,0,2.0,0.007994767874891298,0.009199348625213858,True,18,"[0, 0, 0, 0, 0, 0, 0, 2, 0, 0, 0, 0, 1, 0, 0, 1, 0, 0]"
221,3,3,24,0.125,0,0,1.3333333333333333,0.009312268455369935,0.010284104940761537,True,18,"[0, 0, 0, 0, 0, 0, 0, 1, 1, 0, 0, 0, 0, 0, 0, 2, 0, 0]"
222,2,2,24,0.08333333333333333,0,0,1.0,0.013367467772535831,0.014715067666674556,True,18,"[0, 0, 0, 0, 0, 0, 0, 0, 1, 0, 0, 0, 0, 0, 0, 1, 0, 0]"
223,3,3,24,0.125,0,0,1.6666666666666667,0.011006785665888232,0.015701499807262688,True,18,"[0, 0, 0, 0, 0, 0, 0, 1, 2, 0, 0, 0, 0, 0, 0, 2, 0, 0]"
224,1,1,24,0.041666666666666664,0,0,3.0,0.007745770365587872,0.007745770365587872,True,18,"[0, 0, 0, 0, 0, 0, 0, 1, 0, 0, 0, 0, 1, 0, 0, 1, 0, 0]"
225,3,3,24,0.125,0,0,1.6666666666666667,0.00914303867203452,0.01143676831423546,True,18,"[0, 0, 0, 0, 0, 0, 0, 0, 1, 0, 0, 0, 3, 0, 0, 1, 0, 0]"
226,3,3,24,0.125,0,0,1.3333333333333333,0.01006480928407337,0.011546623232076137,True,18,"[0, 0, 0, 0, 0, 0, 0, 0, 1, 0, 0, 0, 0, 0, 0, 3, 0, 0]"
227,3,3,24,0.125,0,0,1.0,0.01120294145669319,0.01565698549357328,True,18,"[0, 0, 0, 0, 0, 0, 0, 0, 0, 0, 0, 2, 0, 0, 0, 1, 0, 0]"
228,3,3,24,0.125,0,0,1.0,0.010136615333456243,0.01303766945922033,True,18,"[0, 0, 0, 0, 0, 2, 0, 0, 0, 0, 0, 0, 1, 0, 0, 0, 0, 0]"
229,2,2,24,0.08333333333333333,0,0,1.5,0.009204226818284002,0.00958476801258061,True,18,"[0, 0, 0, 0, 0, 0, 0, 1, 1, 0, 0, 0, 1, 0, 0, 0, 0, 0]"
230,2,2,24,0.08333333333333333,0,0,2.5,0.008485080624742842,0.008664517577315605,True,18,"[0, 0, 0, 0, 0, 0, 0, 1, 1, 0, 0, 0, 2, 0, 0, 1, 0, 0]"
231,2,2,24,0.08333333333333333,0,0,1.0,0.010019088352830566,0.011606930378576415,True,18,"[0, 0, 0, 0, 0, 1, 0, 0, 0, 0, 0, 0, 1, 0, 0, 0, 0, 0]"
232,2,2,24,0.08333333333333333,0,0,1.5,0.011352634962008726,0.014135101515552865,True,18,"[0, 0, 0, 0, 0, 0, 0, 0, 0, 0, 0, 0, 1, 0, 0, 2, 0, 0]"
233,3,3,24,0.125,0,0,2.0,0.009210799165796672,0.013218439076672256,True,18,"[0, 0, 0, 0, 0, 0, 0, 1, 1, 0, 0, 0, 2, 0, 0, 2, 0, 0]"
234,2,2,24,0.08333333333333333,0,0,1.5,0.011324759304325943,0.012623227480534793,True,18,"[0, 0, 0, 0, 0, 0, 0, 0, 2, 0, 0, 0, 0, 0, 0, 1, 0, 0]"
235,2,2,24,0.08333333333333333,0,0,3.5,0.00782060820592061,0.009400584215930041,True,18,"[0, 0, 0, 0, 0, 0, 0, 1, 1, 0, 0, 1, 2, 0, 0, 1, 1, 0]"
236,1,1,24,0.041666666666666664,0,0,2.0,0.007490487092030329,0.007490487092030329,True,18,"[0, 0, 0, 0, 0, 0, 0, 0, 0, 0, 0, 0, 1, 0, 0, 1, 0, 0]"
237,1,1,24,0.041666666666666664,0,0,2.0,0.006663591169995405,0.006663591169995405,True,18,"[0, 0, 0, 0, 0, 0, 0, 0, 1, 0, 0, 0, 1, 0, 0, 0, 0, 0]"
238,2,2,24,0.08333333333333333,0,0,1.5,0.007698213244949778,0.009291588830411103,True,18,"[0, 0, 0, 0, 0, 0, 0, 0, 0, 0, 0, 1, 0, 0, 0, 2, 0, 0]"
239,1,1,24,0.041666666666666664,0,0,3.0,0.005975153627373963,0.005975153627373963,True,18,"[0, 0, 0, 0, 0, 0, 0, 1, 1, 0, 0, 0, 0, 0, 0, 1, 0, 0]"
240,0,0,24,0.0,0,0,,,,False,18,"[0, 0, 0, 0, 0, 0, 0, 0, 0, 0, 0, 0, 0, 0, 0, 0, 0, 0]"
241,1,1,24,0.041666666666666664,0,0,1.0,0.007806390567102087,0.007806390567102087,True,18,"[0, 0, 0, 0, 0, 0, 0, 0, 0, 0, 0, 0, 0, 0, 0, 1, 0, 0]"
242,1,1,24,0.041666666666666664,0,0,3.0,0.007350054835005807,0.007350054835005807,True,18,"[0, 0, 0, 0, 0, 0, 0, 0, 1, 0, 0, 0, 1, 0, 0, 1, 0, 0]"
243,1,1,24,0.041666666666666664,0,0,3.0,0.00550812922539056,0.00550812922539056,True,18,"[0, 0, 0, 0, 0, 0, 0, 0, 0, 0, 0, 1, 1, 0, 0, 1, 0, 0]"
244,1,1,24,0.041666666666666664,0,0,1.0,0.008295969986876518,0.008295969986876518,True,18,"[0, 0, 0, 0, 0, 0, 0, 1, 0, 0, 0, 0, 0, 0, 0, 0, 0, 0]"
245,1,1,24,0.041666666666666664,0,0,2.0,0.009391801210364746,0.009391801210364746,True,18,"[0, 0, 0, 0, 0, 0, 0, 0, 1, 0, 0, 0, 0, 0, 0, 1, 0, 0]"
246,1,1,24,0.041666666666666664,0,0,4.0,0.005759924711050002,0.005759924711050002,True,18,"[0, 0, 0, 0, 0, 0, 0, 1, 1, 0, 0, 0, 1, 0, 0, 1, 0, 0]"
247,1,1,24,0.041666666666666664,0,0,2.0,0.00588322267491235,0.00588322267491235,True,18,"[0, 0, 0, 0, 0, 0, 0, 1, 0, 0, 0, 1, 0, 0, 0, 0, 0, 0]"
248,1,1,24,0.041666666666666664,0,0,3.0,0.008070247416035787,0.008070247416035787,True,18,"[0, 0, 0, 0, 0, 0, 0, 0, 1, 0, 0, 0, 1, 0, 0, 1, 0, 0]"
249,2,2,24,0.08333333333333333,0,0,2.0,0.007058142458211576,0.009177676686267929,True,18,"[0, 0, 0, 0, 0, 0, 0, 1, 0, 0, 0, 1, 0, 0, 0, 2, 0, 0]"
250,1,1,24,0.041666666666666664,0,0,2.0,0.007953348277336661,0.007953348277336661,True,18,"[0, 0, 0, 0, 0, 0, 0, 0, 0, 0, 0, 0, 1, 0, 0, 1, 0, 0]"
251,1,1,24,0.041666666666666664,0,0,3.0,0.005420298637095453,0.005420298637095453,True,18,"[0, 0, 0, 0, 0, 0, 0, 0, 0, 0, 0, 1, 1, 0, 0, 1, 0, 0]"
252,1,1,24,0.041666666666666664,0,0,2.0,0.005676104799353879,0.005676104799353879,True,18,"[0, 0, 0, 0, 0, 0, 0, 0, 1, 0, 0, 1, 0, 0, 0, 0, 0, 0]"
253,1,1,24,0.041666666666666664,0,0,2.0,0.005658560175473202,0.005658560175473202,True,18,"[0, 0, 0, 0, 0, 0, 0, 1, 0, 0, 0, 0, 1, 0, 0, 0, 0, 0]"
254,1,1,24,0.041666666666666664,0,0,1.0,0.007442121718803403,0.007442121718803403,True,18,"[0, 0, 0, 0, 0, 0, 0, 0, 0, 0, 0, 0, 1, 0, 0, 0, 0, 0]"
255,2,2,24,0.08333333333333333,0,0,1.0,0.00827915355547562,0.008977705343539559,True,18,"[0, 0, 0, 0, 0, 0, 0, 0, 0, 0, 0, 0, 1, 0, 0, 1, 0, 0]"
256,1,1,24,0.041666666666666664,0,0,1.0,0.00799874001025368,0.00799874001025368,True,18,"[0, 0, 0, 0, 0, 0, 0, 0, 1, 0, 0, 0, 0, 0, 0, 0, 0, 0]"
257,1,1,24,0.041666666666666664,0,0,2.0,0.007439395642821854,0.007439395642821854,True,18,"[0, 0, 0, 0, 0, 0, 0, 1, 0, 0, 0, 1, 0, 0, 0, 0, 0, 0]"
258,2,2,24,0.08333333333333333,0,0,1.5,0.054327947055577426,0.10277707361962983,True,18,"[0, 0, 0, 0, 0, 0, 0, 0, 0, 0, 0, 0, 1, 0, 0, 2, 0, 0]"
259,1,1,24,0.041666666666666664,0,0,1.0,0.007139065110092594,0.007139065110092594,True,18,"[0, 0, 0, 0, 0, 0, 0, 0, 1, 0, 0, 0, 0, 0, 0, 0, 0, 0]"
260,1,1,24,0.041666666666666664,0,0,2.0,0.006296150623478012,0.006296150623478012,True,18,"[0, 0, 0, 0, 0, 0, 0, 0, 0, 0, 0, 0, 1, 0, 0, 1, 0, 0]"
261,1,1,24,0.041666666666666664,0,0,3.0,0.006000845713290378,0.006000845713290378,True,18,"[0, 0, 0, 0, 0, 0, 0, 0, 1, 0, 0, 0, 1, 0, 0, 1, 0, 0]"
262,0,0,24,0.0,0,0,,,,False,18,"[0, 0, 0, 0, 0, 0, 0, 0, 0, 0, 0, 0, 0, 0, 0, 0, 0, 0]"
263,1,1,24,0.041666666666666664,0,0,1.0,0.008330543652397965,0.008330543652397965,True,18,"[0, 0, 0, 0, 0, 0, 0, 0, 1, 0, 0, 0, 0, 0, 0, 0, 0, 0]"
264,1,1,24,0.041666666666666664,0,0,1.0,0.00777861086482518,0.00777861086482518,True,18,"[0, 0, 0, 0, 0, 0, 0, 0, 0, 0, 0, 0, 0, 0, 0, 1, 0, 0]"
265,0,0,24,0.0,0,0,,,,False,18,"[0, 0, 0, 0, 0, 0, 0, 0, 0, 0, 0, 0, 0, 0, 0, 0, 0, 0]"
266,2,2,24,0.08333333333333333,0,0,1.0,0.008500437227057421,0.008726406814680236,True,18,"[0, 0, 0, 0, 0, 0, 0, 0, 0, 0, 0, 0, 1, 0, 0, 1, 0, 0]"
267,1,1,24,0.041666666666666664,0,0,1.0,0.0074154061296850616,0.0074154061296850616,True,18,"[0, 0, 0, 0, 0, 1, 0, 0, 0, 0, 0, 0, 0, 0, 0, 0, 0, 0]"
268,2,2,24,0.08333333333333333,0,0,1.5,0.02718472204189093,0.04792177797837748,True,18,"[0, 0, 0, 0, 0, 0, 0, 0, 0, 0, 0, 0, 1, 0, 0, 2, 0, 0]"
269,2,2,24,0.08333333333333333,0,0,1.5,0.0077394991478907825,0.008319296223362579,True,18,"[0, 0, 0, 0, 0, 0, 0, 1, 0, 0, 0, 0, 0, 0, 0, 2, 0, 0]"
270,1,1,24,0.041666666666666664,0,0,1.0,0.011206926204647633,0.011206926204647633,True,18,"[0, 0, 0, 0, 0, 0, 0, 0, 0, 0, 0, 0, 0, 0, 0, 1, 0, 0]"
271,1,1,24,0.041666666666666664,0,0,1.0,0.012913157861708324,0.012913157861708324,True,18,"[0, 0, 0, 0, 0, 0, 0, 0, 0, 0, 0, 0, 0, 0, 0, 1, 0, 0]"
272,1,1,24,0.041666666666666664,0,0,1.0,0.00814786057527074,0.00814786057527074,True,18,"[0, 0, 0, 0, 0, 0, 0, 0, 0, 0, 0, 1, 0, 0, 0, 0, 0, 0]"
273,1,1,24,0.041666666666666664,0,0,2.0,0.0074515146688756955,0.0074515146688756955,True,18,"[0, 0, 0, 0, 0, 0, 0, 0, 1, 0, 0, 0, 0, 0, 0, 1, 0, 0]"
274,1,1,24,0.041666666666666664,0,0,1.0,0.0339487594894253,0.0339487594894253,True,18,"[0, 0, 0, 0, 0, 0, 0, 0, 0, 0, 0, 0, 0, 0, 0, 1, 0, 0]"
275,2,2,24,0.08333333333333333,0,0,1.5,0.008066281307264717,0.008544712897517858,True,18,"[0, 0, 0, 0, 0, 0, 0, 0, 1, 0, 0, 0, 0, 0, 0, 2, 0, 0]"
276,1,1,24,0.041666666666666664,0,0,4.0,0.00491114839231608,0.00491114839231608,True,18,"[0, 0, 0, 0, 0, 0, 0, 1, 1, 0, 0, 0, 1, 0, 0, 1, 0, 0]"
277,2,2,24,0.08333333333333333,0,0,1.0,0.0072281523323170765,0.007326739896597518,True,18,"[0, 0, 0, 0, 0, 0, 0, 0, 1, 0, 0, 0, 0, 0, 0, 1, 0, 0]"
278,1,1,24,0.041666666666666664,0,0,3.0,0.006595920469756839,0.006595920469756839,True,18,"[0, 0, 0, 0, 0, 0, 0, 0, 1, 0, 0, 0, 1, 0, 0, 1, 0, 0]"
279,1,1,24,0.041666666666666664,0,0,2.0,0.006959970301508064,0.006959970301508064,True,18,"[0, 0, 0, 0, 0, 0, 0, 0, 0, 0, 0, 0, 1, 0, 0, 1, 0, 0]"
280,1,1,24,0.041666666666666664,0,0,1.0,0.00799923731232199,0.00799923731232199,True,18,"[0, 0, 0, 0, 0, 0, 0, 1, 0, 0, 0, 0, 0, 0, 0, 0, 0, 0]"
281,1,1,24,0.041666666666666664,0,0,1.0,0.008499699708872854,0.008499699708872854,True,18,"[0, 0, 0, 0, 0, 0, 0, 0, 0, 0, 0, 0, 0, 0, 0, 1, 0, 0]"
282,5,5,24,0.20833333333333334,0,0,1.0,0.03587525632047817,0.12193108210626302,True,18,"[0, 0, 0, 0, 0, 0, 0, 0, 0, 0, 0, 0, 0, 0, 0, 5, 0, 0]"
283,2,2,24,0.08333333333333333,0,0,1.5,0.00924620007748456,0.011006993457995589,True,18,"[0, 0, 0, 0, 0, 0, 0, 0, 1, 0, 0, 0, 0, 0, 0, 2, 0, 0]"
284,2,2,24,0.08333333333333333,0,0,1.0,0.010449030091903611,0.010821509401797345,True,18,"[0, 0, 0, 0, 0, 0, 0, 0, 1, 0, 0, 0, 0, 0, 0, 1, 0, 0]"
285,1,1,24,0.041666666666666664,0,0,1.0,0.007281570156253562,0.007281570156253562,True,18,"[0, 0, 0, 0, 0, 0, 0, 0, 0, 0, 0, 0, 1, 0, 0, 0, 0, 0]"
286,3,3,24,0.125,0,0,1.6666666666666667,0.015508170807626608,0.03345600868560511,True,18,"[0, 0, 0, 0, 0, 0, 0, 1, 0, 0, 0, 0, 1, 0, 0, 3, 0, 0]"
287,3,3,24,0.125,0,0,1.6666666666666667,0.012917058806342046,0.02580571415711085,True,18,"[0, 0, 0, 0, 0, 0, 0, 1, 0, 0, 0, 0, 1, 0, 0, 3, 0, 0]"
288,2,2,24,0.08333333333333333,0,0,1.0,0.033668572904379426,0.06004221758474905,True,18,"[0, 0, 0, 0, 0, 0, 0, 0, 0, 0, 0, 0, 0, 0, 0, 2, 0, 0]"
289,4,4,24,0.16666666666666666,0,0,1.0,0.01842712342070523,0.04373879714007213,True,18,"[0, 0, 0, 0, 0, 0, 0, 0, 1, 0, 0, 0, 0, 0, 0, 3, 0, 0]"
290,1,1,24,0.041666666666666664,0,0,1.0,0.00798059761553547,0.00798059761553547,True,18,"[0, 0, 0, 0, 0, 0, 0, 0, 1, 0, 0, 0, 0, 0, 0, 0, 0, 0]"
291,4,4,24,0.16666666666666666,0,0,1.25,0.015619679077764473,0.035944894188282846,True,18,"[0, 0, 0, 0, 0, 0, 0, 0, 1, 0, 0, 0, 0, 0, 0, 4, 0, 0]"
292,3,3,24,0.125,0,0,1.3333333333333333,0.042914764293051084,0.11433111099927355,True,18,"[0, 0, 0, 0, 0, 0, 0, 0, 0, 0, 0, 0, 1, 0, 0, 3, 0, 0]"
293,2,2,24,0.08333333333333333,0,0,1.0,0.017956383446420917,0.027749718288500737,True,18,"[0, 0, 0, 0, 0, 0, 0, 0, 1, 0, 0, 0, 0, 0, 0, 1, 0, 0]"
294,3,3,24,0.125,0,0,1.6666666666666667,0.011943539554159109,0.016852518698206122,True,18,"[0, 0, 0, 0, 0, 0, 0, 1, 0, 0, 0, 0, 1, 0, 0, 3, 0, 0]"
295,3,3,24,0.125,0,0,1.3333333333333333,0.006794270663459351,0.007839581753917248,True,18,"[0, 0, 0, 0, 0, 0, 0, 1, 0, 0, 0, 0, 0, 0, 0, 3, 0, 0]"
296,3,3,24,0.125,0,0,1.0,0.007620383858109032,0.00828473138887727,True,18,"[0, 0, 0, 0, 0, 0, 0, 0, 0, 0, 0, 0, 0, 0, 0, 3, 0, 0]"
297,2,2,24,0.08333333333333333,0,0,2.0,0.005955684650894718,0.0073986212306230694,True,18,"[0, 0, 0, 0, 0, 0, 0, 0, 1, 0, 0, 1, 0, 0, 0, 2, 0, 0]"
298,3,3,24,0.125,0,0,1.0,0.018028719466398602,0.03726893516096283,True,18,"[0, 0, 0, 0, 0, 0, 0, 0, 0, 0, 0, 0, 0, 0, 0, 3, 0, 0]"
299,2,2,24,0.08333333333333333,0,0,1.0,0.008042888646990223,0.009598537496953113,True,18,"[0, 0, 0, 0, 0, 0, 0, 0, 0, 0, 0, 0, 0, 0, 0, 2, 0, 0]"
300,4,4,24,0.16666666666666666,0,0,1.0,0.007166542906632714,0.007811225501711983,True,18,"[0, 0, 0, 0, 0, 0, 0, 0, 0, 0, 0, 0, 1, 0, 0, 3, 0, 0]"
301,4,4,24,0.16666666666666666,0,0,1.25,0.021310020319598277,0.051273144190385186,True,18,"[0, 0, 0, 0, 0, 0, 0, 0, 0, 0, 0, 0, 1, 0, 0, 4, 0, 0]"
302,1,1,24,0.041666666666666664,0,0,1.0,0.00635466332213289,0.00635466332213289,True,18,"[0, 0, 0, 0, 0, 0, 0, 0, 0, 0, 0, 0, 0, 0, 0, 1, 0, 0]"
303,3,3,24,0.125,0,0,1.0,0.013482412416049283,0.025877085332172478,True,18,"[0, 0, 0, 0, 0, 0, 0, 0, 0, 0, 0, 0, 0, 0, 0, 3, 0, 0]"
304,1,1,24,0.041666666666666664,0,0,1.0,0.010116212066194166,0.010116212066194166,True,18,"[0, 0, 0, 0, 0, 0, 0, 0, 0, 0, 0, 0, 0, 0, 0, 1, 0, 0]"
305,4,4,24,0.16666666666666666,0,0,1.0,0.008331512459523299,0.010041598777499676,True,18,"[0, 0, 0, 0, 0, 0, 0, 0, 0, 0, 0, 0, 0, 0, 0, 4, 0, 0]"
306,2,2,24,0.08333333333333333,0,0,1.0,0.01842115179277415,0.029473777736124116,True,18,"[0, 0, 0, 0, 0, 0, 0, 0, 0, 0, 0, 0, 1, 0, 0, 1, 0, 0]"
307,2,2,24,0.08333333333333333,0,0,1.0,0.010538572342504101,0.01374935186736857,True,18,"[0, 0, 0, 0, 0, 0, 0, 0, 0, 0, 0, 0, 0, 0, 0, 2, 0, 0]"
308,2,2,24,0.08333333333333333,0,0,1.0,0.007323950187885266,0.007533836471785475,True,18,"[0, 0, 0, 0, 0, 0, 0, 0, 0, 0, 0, 0, 1, 0, 0, 1, 0, 0]"
309,2,2,24,0.08333333333333333,0,0,1.0,0.006523923680308237,0.006835093978529908,True,18,"[0, 0, 0, 0, 0, 0, 0, 0, 0, 0, 0, 0, 1, 0, 0, 1, 0, 0]"
310,4,4,24,0.16666666666666666,0,0,1.25,0.006999971377688926,0.009660723874407104,True,18,"[0, 0, 0, 0, 0, 0, 0, 1, 1, 0, 0, 0, 1, 0, 0, 2, 0, 0]"
311,3,3,24,0.125,0,0,1.3333333333333333,0.026176985594136375,0.06701492356229577,True,18,"[0, 0, 0, 0, 0, 0, 0, 0, 0, 0, 0, 0, 2, 0, 0, 2, 0, 0]"
312,3,3,24,0.125,0,0,1.0,0.007071574957375132,0.007698625204336493,True,18,"[0, 0, 0, 0, 0, 0, 0, 0, 1, 0, 0, 0, 0, 0, 0, 2, 0, 0]"
313,1,1,24,0.041666666666666664,0,0,2.0,0.0047638868097272255,0.0047638868097272255,True,18,"[0, 0, 0, 0, 0, 0, 0, 1, 0, 0, 0, 0, 0, 0, 0, 1, 0, 0]"
314,4,4,24,0.16666666666666666,0,0,1.5,0.018002308719931914,0.0547863550121484,True,18,"[0, 0, 0, 0, 0, 0, 0, 0, 0, 0, 0, 1, 1, 0, 0, 4, 0, 0]"
315,5,5,24,0.20833333333333334,0,0,1.0,0.00827967365310997,0.010873623577555105,True,18,"[0, 0, 0, 0, 0, 0, 0, 0, 0, 0, 0, 0, 1, 0, 0, 4, 0, 0]"
316,3,3,24,0.125,0,0,1.0,0.008636276667007541,0.01137298857749342,True,18,"[0, 0, 0, 0, 0, 1, 0, 0, 0, 0, 0, 0, 1, 0, 0, 1, 0, 0]"
317,3,3,24,0.125,0,0,1.6666666666666667,0.007282113110483418,0.008877202287484206,True,18,"[0, 0, 0, 0, 0, 0, 0, 0, 1, 0, 0, 0, 2, 0, 0, 2, 0, 0]"
318,2,2,24,0.08333333333333333,0,0,1.5,0.007008335668904884,0.008307533418615176,True,18,"[0, 0, 0, 0, 0, 0, 0, 1, 0, 0, 0, 0, 0, 0, 0, 2, 0, 0]"
319,3,3,24,0.125,0,0,1.0,0.01739080463845841,0.03637483608973055,True,18,"[0, 0, 0, 0, 0, 0, 0, 0, 0, 0, 0, 0, 1, 0, 0, 2, 0, 0]"
320,2,2,24,0.08333333333333333,0,0,1.0,0.007304051079050663,0.008048643535192797,True,18,"[0, 0, 0, 0, 0, 0, 0, 0, 0, 0, 0, 0, 0, 0, 0, 2, 0, 0]"
321,4,4,24,0.16666666666666666,0,0,1.25,0.007963964923626873,0.009007655566000994,True,18,"[0, 0, 0, 0, 0, 0, 0, 0, 1, 0, 0, 0, 0, 0, 0, 4, 0, 0]"
322,4,4,24,0.16666666666666666,0,0,1.0,0.008563200927791881,0.009433905677100592,True,18,"[0, 0, 0, 0, 0, 1, 0, 0, 0, 0, 0, 0, 1, 0, 0, 2, 0, 0]"
323,5,5,24,0.20833333333333334,0,0,1.0,0.0253320790063468,0.09214228843232884,True,18,"[0, 0, 0, 0, 0, 0, 0, 0, 0, 0, 0, 1, 1, 0, 0, 3, 0, 0]"
324,1,1,24,0.041666666666666664,0,0,1.0,0.005847952931454782,0.005847952931454782,True,18,"[0, 0, 0, 0, 0, 0, 0, 0, 0, 0, 0, 0, 0, 0, 0, 1, 0, 0]"
325,3,3,24,0.125,0,0,1.0,0.006732138091976737,0.007555240557242219,True,18,"[0, 0, 0, 0, 0, 0, 0, 0, 1, 0, 0, 0, 0, 0, 0, 2, 0, 0]"
326,2,2,24,0.08333333333333333,0,0,1.5,0.03612323468448703,0.06750491118358229,True,18,"[0, 0, 0, 0, 0, 0, 0, 0, 1, 0, 0, 0, 0, 0, 0, 2, 0, 0]"
327,4,4,24,0.16666666666666666,0,0,1.25,0.006713115925293209,0.0094272758445393,True,18,"[0, 0, 0, 0, 0, 0, 0, 1, 1, 0, 0, 0, 1, 0, 0, 2, 0, 0]"
328,1,1,24,0.041666666666666664,0,0,2.0,0.004697665687986112,0.004697665687986112,True,18,"[0, 0, 0, 0, 0, 0, 0, 0, 1, 0, 0, 0, 1, 0, 0, 0, 0, 0]"
329,3,3,24,0.125,0,0,1.0,0.007815774713143358,0.010916591888175632,True,18,"[0, 0, 0, 0, 0, 0, 0, 0, 0, 0, 0, 0, 2, 0, 0, 1, 0, 0]"
330,2,2,24,0.08333333333333333,0,0,1.5,0.009719952676695426,0.01065831376002963,True,18,"[0, 0, 0, 0, 0, 0, 0, 0, 0, 0, 0, 1, 1, 0, 0, 1, 0, 0]"
331,1,1,24,0.041666666666666664,0,0,1.0,0.00696699008314569,0.00696699008314569,True,18,"[0, 0, 0, 0, 0, 0, 0, 0, 1, 0, 0, 0, 0, 0, 0, 0, 0, 0]"
332,2,2,24,0.08333333333333333,0,0,2.0,0.006711326093021677,0.009343832565814515,True,18,"[0, 0, 0, 0, 0, 0, 0, 0, 1, 0, 0, 0, 2, 0, 0, 1, 0, 0]"
333,3,3,24,0.125,0,0,1.3333333333333333,0.007173696070131692,0.008286661189466199,True,18,"[0, 0, 0, 0, 0, 0, 0, 0, 1, 0, 0, 1, 0, 0, 0, 2, 0, 0]"
334,2,2,24,0.08333333333333333,0,0,2.0,0.03398536352788159,0.06380496231359337,True,18,"[0, 0, 0, 0, 0, 0, 0, 1, 0, 0, 0, 0, 1, 0, 0, 2, 0, 0]"
335,2,2,24,0.08333333333333333,0,0,1.0,0.021528821604486374,0.03711045057508742,True,18,"[0, 0, 0, 0, 0, 0, 0, 0, 1, 0, 0, 0, 0, 0, 0, 1, 0, 0]"
336,1,1,24,0.041666666666666664,0,0,3.0,0.004488963210552674,0.004488963210552674,True,18,"[0, 0, 0, 0, 0, 0, 0, 0, 0, 0, 0, 1, 1, 0, 0, 1, 0, 0]"
337,0,0,24,0.0,0,0,,,,False,18,"[0, 0, 0, 0, 0, 0, 0, 0, 0, 0, 0, 0, 0, 0, 0, 0, 0, 0]"
338,3,3,24,0.125,0,0,1.0,0.009623188248152212,0.01240994864951364,True,18,"[0, 0, 0, 0, 0, 0, 0, 0, 0, 0, 0, 0, 2, 0, 0, 1, 0, 0]"
339,3,3,24,0.125,0,0,1.0,0.007582392089891269,0.009619679488308117,True,18,"[0, 0, 0, 0, 0, 0, 0, 0, 0, 0, 0, 0, 1, 0, 0, 2, 0, 0]"
340,1,1,24,0.041666666666666664,0,0,1.0,0.007524026669377291,0.007524026669377291,True,18,"[0, 0, 0, 0, 0, 0, 0, 0, 0, 0, 0, 0, 0, 0, 0, 1, 0, 0]"
341,1,1,24,0.041666666666666664,0,0,2.0,0.005039472005987225,0.005039472005987225,True,18,"[0, 0, 0, 0, 0, 0, 0, 0, 1, 0, 0, 0, 0, 0, 0, 1, 0, 0]"
342,0,0,24,0.0,0,0,,,,False,18,"[0, 0, 0, 0, 0, 0, 0, 0, 0, 0, 0, 0, 0, 0, 0, 0, 0, 0]"
343,1,1,24,0.041666666666666664,0,0,2.0,0.004469740981486434,0.004469740981486434,True,18,"[0, 0, 0, 0, 0, 0, 0, 0, 1, 0, 0, 0, 0, 0, 0, 1, 0, 0]"
344,2,2,24,0.08333333333333333,0,0,1.5,0.007381759282720789,0.010202919653550815,True,18,"[0, 0, 0, 0, 0, 0, 0, 0, 1, 0, 0, 0, 1, 0, 0, 1, 0, 0]"
345,1,1,24,0.041666666666666664,0,0,1.0,0.01008417120837424,0.01008417120837424,True,18,"[0, 0, 0, 0, 0, 0, 0, 0, 0, 0, 0, 0, 1, 0, 0, 0, 0, 0]"
346,2,2,24,0.08333333333333333,0,0,1.0,0.008946784744685785,0.009531884547904237,True,18,"[0, 0, 0, 0, 0, 0, 0, 0, 0, 0, 0, 1, 1, 0, 0, 0, 0, 0]"
347,1,1,24,0.041666666666666664,0,0,1.0,0.010183649585638199,0.010183649585638199,True,18,"[0, 0, 0, 0, 0, 0, 0, 0, 0, 0, 0, 0, 1, 0, 0, 0, 0, 0]"
348,1,1,24,0.041666666666666664,0,0,1.0,0.01079013691527722,0.01079013691527722,True,18,"[0, 0, 0, 0, 0, 0, 0, 0, 0, 0, 0, 0, 1, 0, 0, 0, 0, 0]"
349,1,1,24,0.041666666666666664,0,0,1.0,0.011760928613077254,0.011760928613077254,True,18,"[0, 0, 0, 0, 0, 0, 0, 0, 0, 0, 0, 0, 1, 0, 0, 0, 0, 0]"
350,2,2,24,0.08333333333333333,0,0,1.0,0.011079975809680554,0.011702490681173443,True,18,"[0, 0, 0, 0, 0, 0, 0, 0, 0, 0, 0, 0, 2, 0, 0, 0, 0, 0]"
351,1,1,24,0.041666666666666664,0,0,2.0,0.005790902319101034,0.005790902319101034,True,18,"[0, 0, 0, 0, 0, 0, 0, 1, 1, 0, 0, 0, 0, 0, 0, 0, 0, 0]"
352,0,0,24,0.0,0,0,,,,False,18,"[0, 0, 0, 0, 0, 0, 0, 0, 0, 0, 0, 0, 0, 0, 0, 0, 0, 0]"
353,2,2,24,0.08333333333333333,0,0,1.0,0.008247190617408586,0.010905453089947845,True,18,"[0, 0, 0, 0, 0, 0, 0, 0, 0, 0, 0, 0, 1, 0, 0, 1, 0, 0]"
354,0,0,24,0.0,0,0,,,,False,18,"[0, 0, 0, 0, 0, 0, 0, 0, 0, 0, 0, 0, 0, 0, 0, 0, 0, 0]"
355,1,1,24,0.041666666666666664,0,0,1.0,0.029527573748269077,0.029527573748269077,True,18,"[0, 0, 0, 0, 0, 0, 0, 0, 0, 0, 0, 0, 1, 0, 0, 0, 0, 0]"
356,1,1,24,0.041666666666666664,0,0,1.0,0.009490725771708387,0.009490725771708387,True,18,"[0, 0, 0, 0, 0, 0, 0, 0, 0, 0, 0, 0, 0, 0, 0, 1, 0, 0]"
357,1,1,24,0.041666666666666664,0,0,1.0,0.008753671026877246,0.008753671026877246,True,18,"[0, 0, 0, 0, 0, 0, 0, 0, 0, 0, 0, 0, 0, 0, 0, 1, 0, 0]"
358,1,1,24,0.041666666666666664,0,0,1.0,0.010049243213383829,0.010049243213383829,True,18,"[0, 0, 0, 0, 0, 0, 0, 0, 0, 0, 0, 0, 0, 0, 0, 1, 0, 0]"
359,1,1,24,0.041666666666666664,0,0,1.0,0.008930671983178184,0.008930671983178184,True,18,"[0, 0, 0, 0, 0, 0, 0, 0, 0, 0, 0, 0, 0, 0, 0, 1, 0, 0]"
360,1,1,24,0.041666666666666664,0,0,1.0,0.00909225892149865,0.00909225892149865,True,18,"[0, 0, 0, 0, 0, 0, 0, 0, 0, 0, 0, 0, 1, 0, 0, 0, 0, 0]"
361,1,1,24,0.041666666666666664,0,0,1.0,0.007011274577367779,0.007011274577367779,True,18,"[0, 0, 0, 0, 0, 0, 0, 0, 0, 0, 0, 0, 0, 0, 0, 1, 0, 0]"
362,1,1,24,0.041666666666666664,0,0,1.0,0.06624072400794842,0.06624072400794842,True,18,"[0, 0, 0, 0, 0, 0, 0, 0, 0, 0, 0, 0, 1, 0, 0, 0, 0, 0]"
363,1,1,24,0.041666666666666664,0,0,1.0,0.004967384878555283,0.004967384878555283,True,18,"[0, 0, 0, 0, 0, 0, 0, 0, 0, 0, 0, 0, 0, 0, 0, 1, 0, 0]"
364,1,1,24,0.041666666666666664,0,0,1.0,0.01130043236170844,0.01130043236170844,True,18,"[0, 0, 0, 0, 0, 0, 0, 0, 0, 0, 0, 0, 1, 0, 0, 0, 0, 0]"
365,0,0,24,0.0,0,0,,,,False,18,"[0, 0, 0, 0, 0, 0, 0, 0, 0, 0, 0, 0, 0, 0, 0, 0, 0, 0]"
366,1,1,24,0.041666666666666664,0,0,1.0,0.006658975390658659,0.006658975390658659,True,18,"[0, 0, 0, 0, 0, 0, 0, 0, 0, 0, 0, 0, 0, 0, 0, 1, 0, 0]"
367,2,2,24,0.08333333333333333,0,0,1.5,0.039652794325113275,0.07179993809408797,True,18,"[0, 0, 0, 0, 0, 0, 0, 0, 0, 0, 0, 0, 2, 0, 0, 1, 0, 0]"
368,2,2,24,0.08333333333333333,0,0,1.0,0.02096213000913525,0.03461953305886397,True,18,"[0, 0, 0, 0, 0, 0, 0, 0, 0, 0, 0, 0, 1, 0, 0, 1, 0, 0]"
369,1,1,24,0.041666666666666664,0,0,1.0,0.04075268619361585,0.04075268619361585,True,18,"[0, 0, 0, 0, 0, 0, 0, 0, 0, 0, 0, 0, 0, 0, 0, 1, 0, 0]"
370,1,1,24,0.041666666666666664,0,0,1.0,0.006134022780960019,0.006134022780960019,True,18,"[0, 0, 0, 0, 0, 0, 0, 0, 0, 0, 0, 0, 0, 0, 0, 1, 0, 0]"
371,0,0,24,0.0,0,0,,,,False,18,"[0, 0, 0, 0, 0, 0, 0, 0, 0, 0, 0, 0, 0, 0, 0, 0, 0, 0]"
372,3,3,24,0.125,0,0,1.0,0.00855754633723401,0.010772867912145235,True,18,"[0, 0, 0, 0, 0, 0, 0, 0, 0, 0, 0, 0, 2, 0, 0, 1, 0, 0]"
373,1,1,24,0.041666666666666664,0,0,1.0,0.008220381343205562,0.008220381343205562,True,18,"[0, 0, 0, 0, 0, 0, 0, 0, 0, 0, 0, 0, 1, 0, 0, 0, 0, 0]"
374,0,0,24,0.0,0,0,,,,False,18,"[0, 0, 0, 0, 0, 0, 0, 0, 0, 0, 0, 0, 0, 0, 0, 0, 0, 0]"
375,0,0,24,0.0,0,0,,,,False,18,"[0, 0, 0, 0, 0, 0, 0, 0, 0, 0, 0, 0, 0, 0, 0, 0, 0, 0]"
376,0,0,24,0.0,0,0,,,,False,18,"[0, 0, 0, 0, 0, 0, 0, 0, 0, 0, 0, 0, 0, 0, 0, 0, 0, 0]"
377,1,1,24,0.041666666666666664,0,0,1.0,0.008473205094754375,0.008473205094754375,True,18,"[0, 0, 0, 0, 0, 0, 0, 0, 0, 0, 0, 0, 1, 0, 0, 0, 0, 0]"
378,0,0,24,0.0,0,0,,,,False,18,"[0, 0, 0, 0, 0, 0, 0, 0, 0, 0, 0, 0, 0, 0, 0, 0, 0, 0]"
379,0,0,24,0.0,0,0,,,,False,18,"[0, 0, 0, 0, 0, 0, 0, 0, 0, 0, 0, 0, 0, 0, 0, 0, 0, 0]"
380,1,1,24,0.041666666666666664,0,0,1.0,0.007454924072816561,0.007454924072816561,True,18,"[0, 0, 0, 0, 0, 0, 0, 0, 0, 0, 0, 0, 1, 0, 0, 0, 0, 0]"
381,0,0,24,0.0,0,0,,,,False,18,"[0, 0, 0, 0, 0, 0, 0, 0, 0, 0, 0, 0, 0, 0, 0, 0, 0, 0]"
382,1,1,24,0.041666666666666664,0,0,1.0,0.04689505553212532,0.04689505553212532,True,18,"[0, 0, 0, 0, 0, 0, 0, 0, 0, 0, 0, 0, 1, 0, 0, 0, 0, 0]"
383,2,2,24,0.08333333333333333,0,0,1.0,0.027132289698670927,0.045623301746842586,True,18,"[0, 0, 0, 0, 0, 0, 0, 0, 0, 0, 0, 0, 2, 0, 0, 0, 0, 0]"
384,0,0,24,0.0,0,0,,,,False,18,"[0, 0, 0, 0, 0, 0, 0, 0, 0, 0, 0, 0, 0, 0, 0, 0, 0, 0]"
385,1,1,24,0.041666666666666664,0,0,1.0,0.008852151018968175,0.008852151018968175,True,18,"[0, 0, 0, 0, 0, 0, 0, 0, 0, 0, 0, 0, 1, 0, 0, 0, 0, 0]"
386,1,1,24,0.041666666666666664,0,0,1.0,0.007817188032872242,0.007817188032872242,True,18,"[0, 0, 0, 0, 0, 0, 0, 0, 0, 0, 0, 0, 1, 0, 0, 0, 0, 0]"
387,0,0,24,0.0,0,0,,,,False,18,"[0, 0, 0, 0, 0, 0, 0, 0, 0, 0, 0, 0, 0, 0, 0, 0, 0, 0]"
388,0,0,24,0.0,0,0,,,,False,18,"[0, 0, 0, 0, 0, 0, 0, 0, 0, 0, 0, 0, 0, 0, 0, 0, 0, 0]"
389,0,0,24,0.0,0,0,,,,False,18,"[0, 0, 0, 0, 0, 0, 0, 0, 0, 0, 0, 0, 0, 0, 0, 0, 0, 0]"
390,1,1,24,0.041666666666666664,0,0,1.0,0.008384615565113312,0.008384615565113312,True,18,"[0, 0, 0, 0, 0, 0, 0, 0, 0, 0, 0, 0, 1, 0, 0, 0, 0, 0]"
391,1,1,24,0.041666666666666664,0,0,1.0,0.008225102206425855,0.008225102206425855,True,18,"[0, 0, 0, 0, 0, 0, 0, 0, 0, 0, 0, 0, 1, 0, 0, 0, 0, 0]"
392,0,0,24,0.0,0,0,,,,False,18,"[0, 0, 0, 0, 0, 0, 0, 0, 0, 0, 0, 0, 0, 0, 0, 0, 0, 0]"
393,2,2,24,0.08333333333333333,0,0,1.0,0.009789570404707414,0.011123734830577499,True,18,"[0, 0, 0, 0, 0, 0, 0, 0, 0, 0, 0, 0, 2, 0, 0, 0, 0, 0]"
394,1,1,24,0.041666666666666664,0,0,1.0,0.011090816139502814,0.011090816139502814,True,18,"[0, 0, 0, 0, 0, 0, 0, 0, 0, 0, 0, 0, 1, 0, 0, 0, 0, 0]"
395,1,1,24,0.041666666666666664,0,0,1.0,0.010996818077448933,0.010996818077448933,True,18,"[0, 0, 0, 0, 0, 0, 0, 0, 0, 0, 0, 0, 1, 0, 0, 0, 0, 0]"
396,0,0,24,0.0,0,0,,,,False,18,"[0, 0, 0, 0, 0, 0, 0, 0, 0, 0, 0, 0, 0, 0, 0, 0, 0, 0]"
397,0,0,24,0.0,0,0,,,,False,18,"[0, 0, 0, 0, 0, 0, 0, 0, 0, 0, 0, 0, 0, 0, 0, 0, 0, 0]"
398,0,0,24,0.0,0,0,,,,False,18,"[0, 0, 0, 0, 0, 0, 0, 0, 0, 0, 0, 0, 0, 0, 0, 0, 0, 0]"
399,0,0,24,0.0,0,0,,,,False,18,"[0, 0, 0, 0, 0, 0, 0, 0, 0, 0, 0, 0, 0, 0, 0, 0, 0, 0]"
400,1,1,24,0.041666666666666664,0,0,1.0,0.007213542737670782,0.007213542737670782,True,18,"[0, 0, 0, 0, 0, 0, 0, 0, 0, 0, 0, 0, 1, 0, 0, 0, 0, 0]"
401,0,0,24,0.0,0,0,,,,False,18,"[0, 0, 0, 0, 0, 0, 0, 0, 0, 0, 0, 0, 0, 0, 0, 0, 0, 0]"
402,1,1,24,0.041666666666666664,0,0,1.0,0.011070990551937845,0.011070990551937845,True,18,"[0, 0, 0, 0, 0, 0, 0, 0, 0, 0, 0, 0, 1, 0, 0, 0, 0, 0]"
403,0,0,24,0.0,0,0,,,,False,18,"[0, 0, 0, 0, 0, 0, 0, 0, 0, 0, 0, 0, 0, 0, 0, 0, 0, 0]"
404,1,1,24,0.041666666666666664,0,0,1.0,0.04806392070875318,0.04806392070875318,True,18,"[0, 0, 0, 0, 0, 0, 0, 0, 0, 0, 0, 0, 1, 0, 0, 0, 0, 0]"
405,1,1,24,0.041666666666666664,0,0,1.0,0.007331774217513241,0.007331774217513241,True,18,"[0, 0, 0, 0, 0, 0, 0, 0, 0, 0, 0, 0, 1, 0, 0, 0, 0, 0]"
406,1,1,24,0.041666666666666664,0,0,1.0,0.007264247373499155,0.007264247373499155,True,18,"[0, 0, 0, 0, 0, 0, 0, 0, 0, 0, 0, 0, 1, 0, 0, 0, 0, 0]"
407,1,1,24,0.041666666666666664,0,0,1.0,0.007228459840219645,0.007228459840219645,True,18,"[0, 0, 0, 0, 0, 0, 0, 0, 0, 0, 0, 0, 1, 0, 0, 0, 0, 0]"
408,0,0,24,0.0,0,0,,,,False,18,"[0, 0, 0, 0, 0, 0, 0, 0, 0, 0, 0, 0, 0, 0, 0, 0, 0, 0]"
409,1,1,24,0.041666666666666664,0,0,1.0,0.010725765621625201,0.010725765621625201,True,18,"[0, 0, 0, 0, 0, 0, 0, 0, 0, 0, 0, 0, 1, 0, 0, 0, 0, 0]"
410,0,0,24,0.0,0,0,,,,False,18,"[0, 0, 0, 0, 0, 0, 0, 0, 0, 0, 0, 0, 0, 0, 0, 0, 0, 0]"
411,0,0,24,0.0,0,0,,,,False,18,"[0, 0, 0, 0, 0, 0, 0, 0, 0, 0, 0, 0, 0, 0, 0, 0, 0, 0]"
412,1,1,24,0.041666666666666664,0,0,1.0,0.010722519183411102,0.010722519183411102,True,18,"[0, 0, 0, 0, 0, 0, 0, 0, 0, 0, 0, 0, 1, 0, 0, 0, 0, 0]"
413,0,0,24,0.0,0,0,,,,False,18,"[0, 0, 0, 0, 0, 0, 0, 0, 0, 0, 0, 0, 0, 0, 0, 0, 0, 0]"
414,1,1,24,0.041666666666666664,0,0,1.0,0.01054928247828121,0.01054928247828121,True,18,"[0, 0, 0, 0, 0, 0, 0, 0, 0, 0, 0, 0, 1, 0, 0, 0, 0, 0]"
415,0,0,24,0.0,0,0,,,,False,18,"[0, 0, 0, 0, 0, 0, 0, 0, 0, 0, 0, 0, 0, 0, 0, 0, 0, 0]"
416,2,2,24,0.08333333333333333,0,0,1.0,0.00873595616053624,0.010614002281813422,True,18,"[0, 0, 0, 0, 0, 0, 0, 0, 0, 0, 0, 0, 2, 0, 0, 0, 0, 0]"
417,0,0,24,0.0,0,0,,,,False,18,"[0, 0, 0, 0, 0, 0, 0, 0, 0, 0, 0, 0, 0, 0, 0, 0, 0, 0]"
418,1,1,24,0.041666666666666664,0,0,1.0,0.010843955763229865,0.010843955763229865,True,18,"[0, 0, 0, 0, 0, 0, 0, 0, 0, 0, 0, 0, 1, 0, 0, 0, 0, 0]"
419,0,0,24,0.0,0,0,,,,False,18,"[0, 0, 0, 0, 0, 0, 0, 0, 0, 0, 0, 0, 0, 0, 0, 0, 0, 0]"
420,1,1,24,0.041666666666666664,0,0,1.0,0.011047520822804394,0.011047520822804394,True,18,"[0, 0, 0, 0, 0, 0, 0, 0, 0, 0, 0, 0, 1, 0, 0, 0, 0, 0]"
421,1,1,24,0.041666666666666664,0,0,1.0,0.011070773483291822,0.011070773483291822,True,18,"[0, 0, 0, 0, 0, 0, 0, 0, 0, 0, 0, 0, 1, 0, 0, 0, 0, 0]"
422,0,0,24,0.0,0,0,,,,False,18,"[0, 0, 0, 0, 0, 0, 0, 0, 0, 0, 0, 0, 0, 0, 0, 0, 0, 0]"
423,1,1,24,0.041666666666666664,0,0,1.0,0.011202000973849945,0.011202000973849945,True,18,"[0, 0, 0, 0, 0, 0, 0, 0, 0, 0, 0, 0, 1, 0, 0, 0, 0, 0]"
424,1,1,24,0.041666666666666664,0,0,1.0,0.010989429058002775,0.010989429058002775,True,18,"[0, 0, 0, 0, 0, 0, 0, 0, 0, 0, 0, 0, 1, 0, 0, 0, 0, 0]"
425,0,0,24,0.0,0,0,,,,False,18,"[0, 0, 0, 0, 0, 0, 0, 0, 0, 0, 0, 0, 0, 0, 0, 0, 0, 0]"
426,0,0,24,0.0,0,0,,,,False,18,"[0, 0, 0, 0, 0, 0, 0, 0, 0, 0, 0, 0, 0, 0, 0, 0, 0, 0]"
427,0,0,24,0.0,0,0,,,,False,18,"[0, 0, 0, 0, 0, 0, 0, 0, 0, 0, 0, 0, 0, 0, 0, 0, 0, 0]"
428,0,0,24,0.0,0,0,,,,False,18,"[0, 0, 0, 0, 0, 0, 0, 0, 0, 0, 0, 0, 0, 0, 0, 0, 0, 0]"
429,1,1,24,0.041666666666666664,0,0,1.0,0.010832396731354069,0.010832396731354069,True,18,"[0, 0, 0, 0, 0, 0, 0, 0, 0, 0, 0, 0, 1, 0, 0, 0, 0, 0]"
430,0,0,24,0.0,0,0,,,,False,18,"[0, 0, 0, 0, 0, 0, 0, 0, 0, 0, 0, 0, 0, 0, 0, 0, 0, 0]"
431,0,0,24,0.0,0,0,,,,False,18,"[0, 0, 0, 0, 0, 0, 0, 0, 0, 0, 0, 0, 0, 0, 0, 0, 0, 0]"
432,0,0,24,0.0,0,0,,,,False,18,"[0, 0, 0, 0, 0, 0, 0, 0, 0, 0, 0, 0, 0, 0, 0, 0, 0, 0]"
433,0,0,24,0.0,0,0,,,,False,18,"[0, 0, 0, 0, 0, 0, 0, 0, 0, 0, 0, 0, 0, 0, 0, 0, 0, 0]"
434,0,0,24,0.0,0,0,,,,False,18,"[0, 0, 0, 0, 0, 0, 0, 0, 0, 0, 0, 0, 0, 0, 0, 0, 0, 0]"
435,0,0,24,0.0,0,0,,,,False,18,"[0, 0, 0, 0, 0, 0, 0, 0, 0, 0, 0, 0, 0, 0, 0, 0, 0, 0]"
436,0,0,24,0.0,0,0,,,,False,18,"[0, 0, 0, 0, 0, 0, 0, 0, 0, 0, 0, 0, 0, 0, 0, 0, 0, 0]"
437,0,0,24,0.0,0,0,,,,False,18,"[0, 0, 0, 0, 0, 0, 0, 0, 0, 0, 0, 0, 0, 0, 0, 0, 0, 0]"
438,0,0,24,0.0,0,0,,,,False,18,"[0, 0, 0, 0, 0, 0, 0, 0, 0, 0, 0, 0, 0, 0, 0, 0, 0, 0]"
439,1,1,24,0.041666666666666664,0,0,1.0,0.01075400387516914,0.01075400387516914,True,18,"[0, 0, 0, 0, 0, 0, 0, 0, 0, 0, 0, 0, 1, 0, 0, 0, 0, 0]"
440,0,0,24,0.0,0,0,,,,False,18,"[0, 0, 0, 0, 0, 0, 0, 0, 0, 0, 0, 0, 0, 0, 0, 0, 0, 0]"
441,0,0,24,0.0,0,0,,,,False,18,"[0, 0, 0, 0, 0, 0, 0, 0, 0, 0, 0, 0, 0, 0, 0, 0, 0, 0]"
442,0,0,24,0.0,0,0,,,,False,18,"[0, 0, 0, 0, 0, 0, 0, 0, 0, 0, 0, 0, 0, 0, 0, 0, 0, 0]"
443,0,0,24,0.0,0,0,,,,False,18,"[0, 0, 0, 0, 0, 0, 0, 0, 0, 0, 0, 0, 0, 0, 0, 0, 0, 0]"
444,0,0,24,0.0,0,0,,,,False,18,"[0, 0, 0, 0, 0, 0, 0, 0, 0, 0, 0, 0, 0, 0, 0, 0, 0, 0]"
445,0,0,24,0.0,0,0,,,,False,18,"[0, 0, 0, 0, 0, 0, 0, 0, 0, 0, 0, 0, 0, 0, 0, 0, 0, 0]"
446,0,0,24,0.0,0,0,,,,False,18,"[0, 0, 0, 0, 0, 0, 0, 0, 0, 0, 0, 0, 0, 0, 0, 0, 0, 0]"
447,1,1,24,0.041666666666666664,0,0,1.0,0.010520056863782911,0.010520056863782911,True,18,"[0, 0, 0, 0, 0, 0, 0, 0, 0, 0, 0, 0, 1, 0, 0, 0, 0, 0]"
448,0,0,24,0.0,0,0,,,,False,18,"[0, 0, 0, 0, 0, 0, 0, 0, 0, 0, 0, 0, 0, 0, 0, 0, 0, 0]"
449,1,1,24,0.041666666666666664,0,0,1.0,0.010592260463133187,0.010592260463133187,True,18,"[0, 0, 0, 0, 0, 0, 0, 0, 0, 0, 0, 0, 1, 0, 0, 0, 0, 0]"
450,0,0,24,0.0,0,0,,,,False,18,"[0, 0, 0, 0, 0, 0, 0, 0, 0, 0, 0, 0, 0, 0, 0, 0, 0, 0]"
451,0,0,24,0.0,0,0,,,,False,18,"[0, 0, 0, 0, 0, 0, 0, 0, 0, 0, 0, 0, 0, 0, 0, 0, 0, 0]"
452,0,0,24,0.0,0,0,,,,False,18,"[0, 0, 0, 0, 0, 0, 0, 0, 0, 0, 0, 0, 0, 0, 0, 0, 0, 0]"
453,0,0,24,0.0,0,0,,,,False,18,"[0, 0, 0, 0, 0, 0, 0, 0, 0, 0, 0, 0, 0, 0, 0, 0, 0, 0]"
454,0,0,24,0.0,0,0,,,,False,18,"[0, 0, 0, 0, 0, 0, 0, 0, 0, 0, 0, 0, 0, 0, 0, 0, 0, 0]"
455,1,1,24,0.041666666666666664,0,0,1.0,0.04803277671278232,0.04803277671278232,True,18,"[0, 0, 0, 0, 0, 0, 0, 0, 0, 0, 0, 0, 1, 0, 0, 0, 0, 0]"
456,0,0,24,0.0,0,0,,,,False,18,"[0, 0, 0, 0, 0, 0, 0, 0, 0, 0, 0, 0, 0, 0, 0, 0, 0, 0]"
457,1,1,24,0.041666666666666664,0,0,1.0,0.011069502830145884,0.011069502830145884,True,18,"[0, 0, 0, 0, 0, 0, 0, 0, 0, 0, 0, 0, 1, 0, 0, 0, 0, 0]"
458,1,1,24,0.041666666666666664,0,0,1.0,0.01093879238541823,0.01093879238541823,True,18,"[0, 0, 0, 0, 0, 0, 0, 0, 0, 0, 0, 0, 1, 0, 0, 0, 0, 0]"
459,0,0,24,0.0,0,0,,,,False,18,"[0, 0, 0, 0, 0, 0, 0, 0, 0, 0, 0, 0, 0, 0, 0, 0, 0, 0]"
460,1,1,24,0.041666666666666664,0,0,1.0,0.010799172762195943,0.010799172762195943,True,18,"[0, 0, 0, 0, 0, 0, 0, 0, 0, 0, 0, 0, 1, 0, 0, 0, 0, 0]"
461,1,1,24,0.041666666666666664,0,0,1.0,0.041102765142255145,0.041102765142255145,True,18,"[0, 0, 0, 0, 0, 0, 0, 0, 0, 0, 0, 0, 1, 0, 0, 0, 0, 0]"
462,2,2,24,0.08333333333333333,0,0,1.0,0.009957638369109921,0.010517716161085199,True,18,"[0, 0, 0, 0, 0, 0, 0, 0, 0, 0, 0, 0, 2, 0, 0, 0, 0, 0]"
463,1,1,24,0.041666666666666664,0,0,1.0,0.010343707821627513,0.010343707821627513,True,18,"[0, 0, 0, 0, 0, 0, 0, 0, 0, 0, 0, 0, 1, 0, 0, 0, 0, 0]"
464,1,1,24,0.041666666666666664,0,0,1.0,0.010074982204855459,0.010074982204855459,True,18,"[0, 0, 0, 0, 0, 0, 0, 0, 0, 0, 0, 0, 1, 0, 0, 0, 0, 0]"
465,0,0,24,0.0,0,0,,,,False,18,"[0, 0, 0, 0, 0, 0, 0, 0, 0, 0, 0, 0, 0, 0, 0, 0, 0, 0]"
466,1,1,24,0.041666666666666664,0,0,1.0,0.009820858700408806,0.009820858700408806,True,18,"[0, 0, 0, 0, 0, 0, 0, 0, 0, 0, 0, 0, 1, 0, 0, 0, 0, 0]"
467,2,2,24,0.08333333333333333,0,0,1.0,0.03024943039737875,0.050870577385354,True,18,"[0, 0, 0, 0, 0, 0, 0, 0, 0, 0, 0, 0, 2, 0, 0, 0, 0, 0]"
468,1,1,24,0.041666666666666664,0,0,1.0,0.010087100132737337,0.010087100132737337,True,18,"[0, 0, 0, 0, 0, 0, 0, 0, 0, 0, 0, 0, 1, 0, 0, 0, 0, 0]"
469,1,1,24,0.041666666666666664,0,0,1.0,0.0091040824014374,0.0091040824014374,True,18,"[0, 0, 0, 0, 0, 0, 0, 0, 0, 0, 0, 0, 1, 0, 0, 0, 0, 0]"
470,0,0,24,0.0,0,0,,,,False,18,"[0, 0, 0, 0, 0, 0, 0, 0, 0, 0, 0, 0, 0, 0, 0, 0, 0, 0]"
471,0,0,24,0.0,0,0,,,,False,18,"[0, 0, 0, 0, 0, 0, 0, 0, 0, 0, 0, 0, 0, 0, 0, 0, 0, 0]"
472,1,1,24,0.041666666666666664,0,0,1.0,0.010353958638777739,0.010353958638777739,True,18,"[0, 0, 0, 0, 0, 0, 0, 0, 0, 0, 0, 0, 1, 0, 0, 0, 0, 0]"
473,2,2,24,0.08333333333333333,0,0,1.0,0.03052472048785705,0.05058591778018149,True,18,"[0, 0, 0, 0, 0, 0, 0, 0, 0, 0, 0, 0, 2, 0, 0, 0, 0, 0]"
474,0,0,24,0.0,0,0,,,,False,18,"[0, 0, 0, 0, 0, 0, 0, 0, 0, 0, 0, 0, 0, 0, 0, 0, 0, 0]"
475,1,1,24,0.041666666666666664,0,0,1.0,0.010655668399689405,0.010655668399689405,True,18,"[0, 0, 0, 0, 0, 0, 0, 0, 0, 0, 0, 0, 1, 0, 0, 0, 0, 0]"
476,2,2,24,0.08333333333333333,0,0,1.0,0.009568788511209604,0.010437351105126695,True,18,"[0, 0, 0, 0, 0, 0, 0, 0, 0, 0, 0, 0, 2, 0, 0, 0, 0, 0]"
477,1,1,24,0.041666666666666664,0,0,1.0,0.010349672653260382,0.010349672653260382,True,18,"[0, 0, 0, 0, 0, 0, 0, 0, 0, 0, 0, 0, 1, 0, 0, 0, 0, 0]"
478,0,0,24,0.0,0,0,,,,False,18,"[0, 0, 0, 0, 0, 0, 0, 0, 0, 0, 0, 0, 0, 0, 0, 0, 0, 0]"
479,1,1,24,0.041666666666666664,0,0,1.0,0.008631360909496191,0.008631360909496191,True,18,"[0, 0, 0, 0, 0, 0, 0, 0, 0, 0, 0, 0, 1, 0, 0, 0, 0, 0]"
480,2,2,24,0.08333333333333333,0,0,1.0,0.009271837611886165,0.009982559298396962,True,18,"[0, 0, 0, 0, 0, 0, 0, 0, 0, 0, 0, 0, 2, 0, 0, 0, 0, 0]"
481,1,1,24,0.041666666666666664,0,0,1.0,0.008486838547066215,0.008486838547066215,True,18,"[0, 0, 0, 0, 0, 0, 0, 0, 0, 0, 0, 0, 1, 0, 0, 0, 0, 0]"
482,1,1,24,0.041666666666666664,0,0,1.0,0.008355258088226448,0.008355258088226448,True,18,"[0, 0, 0, 0, 0, 0, 0, 0, 0, 0, 0, 0, 1, 0, 0, 0, 0, 0]"
483,1,1,24,0.041666666666666664,0,0,1.0,0.010107580552053555,0.010107580552053555,True,18,"[0, 0, 0, 0, 0, 0, 0, 0, 0, 0, 0, 0, 1, 0, 0, 0, 0, 0]"
484,0,0,24,0.0,0,0,,,,False,18,"[0, 0, 0, 0, 0, 0, 0, 0, 0, 0, 0, 0, 0, 0, 0, 0, 0, 0]"
485,2,2,24,0.08333333333333333,0,0,1.0,0.009232793690360074,0.010229462643359952,True,18,"[0, 0, 0, 0, 0, 0, 0, 0, 0, 0, 0, 0, 2, 0, 0, 0, 0, 0]"
486,0,0,24,0.0,0,0,,,,False,18,"[0, 0, 0, 0, 0, 0, 0, 0, 0, 0, 0, 0, 0, 0, 0, 0, 0, 0]"
487,0,0,24,0.0,0,0,,,,False,18,"[0, 0, 0, 0, 0, 0, 0, 0, 0, 0, 0, 0, 0, 0, 0, 0, 0, 0]"
488,0,0,24,0.0,0,0,,,,False,18,"[0, 0, 0, 0, 0, 0, 0, 0, 0, 0, 0, 0, 0, 0, 0, 0, 0, 0]"
489,0,0,24,0.0,0,0,,,,False,18,"[0, 0, 0, 0, 0, 0, 0, 0, 0, 0, 0, 0, 0, 0, 0, 0, 0, 0]"
490,1,1,24,0.041666666666666664,0,0,1.0,0.07704929168499937,0.07704929168499937,True,18,"[0, 0, 0, 0, 0, 0, 0, 0, 0, 0, 0, 0, 1, 0, 0, 0, 0, 0]"
491,0,0,24,0.0,0,0,,,,False,18,"[0, 0, 0, 0, 0, 0, 0, 0, 0, 0, 0, 0, 0, 0, 0, 0, 0, 0]"
492,0,0,24,0.0,0,0,,,,False,18,"[0, 0, 0, 0, 0, 0, 0, 0, 0, 0, 0, 0, 0, 0, 0, 0, 0, 0]"
493,1,1,24,0.041666666666666664,0,0,1.0,0.008352928260090091,0.008352928260090091,True,18,"[0, 0, 0, 0, 0, 0, 0, 0, 0, 0, 0, 0, 1, 0, 0, 0, 0, 0]"
494,0,0,24,0.0,0,0,,,,False,18,"[0, 0, 0, 0, 0, 0, 0, 0, 0, 0, 0, 0, 0, 0, 0, 0, 0, 0]"
495,1,1,24,0.041666666666666664,0,0,1.0,0.05555671615735125,0.05555671615735125,True,18,"[0, 0, 0, 0, 0, 0, 0, 0, 0, 0, 0, 0, 1, 0, 0, 0, 0, 0]"
496,0,0,24,0.0,0,0,,,,False,18,"[0, 0, 0, 0, 0, 0, 0, 0, 0, 0, 0, 0, 0, 0, 0, 0, 0, 0]"
497,1,1,24,0.041666666666666664,0,0,1.0,0.010341004313237187,0.010341004313237187,True,18,"[0, 0, 0, 0, 0, 0, 0, 0, 0, 0, 0, 0, 1, 0, 0, 0, 0, 0]"
498,0,0,24,0.0,0,0,,,,False,18,"[0, 0, 0, 0, 0, 0, 0, 0, 0, 0, 0, 0, 0, 0, 0, 0, 0, 0]"
499,1,1,24,0.041666666666666664,0,0,1.0,0.010055492159512472,0.010055492159512472,True,18,"[0, 0, 0, 0, 0, 0, 0, 0, 0, 0, 0, 0, 1, 0, 0, 0, 0, 0]"
500,2,2,24,0.08333333333333333,0,0,1.0,0.010030797699119569,0.010188422201175096,True,18,"[0, 0, 0, 0, 0, 0, 0, 0, 0, 0, 0, 0, 2, 0, 0, 0, 0, 0]"
