generation,n_infeasible_slots,n_infeasible_draws,n_redraws,n_unresolved,n_lambda,n_constraints,per_constraint_violation_count
1,18,121,121,0,24,18,"[0, 0, 0, 0, 0, 27, 6, 55, 18, 0, 0, 5, 14, 0, 0, 5, 20, 3]"
2,20,87,87,0,24,18,"[0, 0, 0, 0, 0, 17, 1, 39, 30, 2, 0, 0, 14, 0, 0, 4, 11, 9]"
3,19,190,190,0,24,18,"[0, 0, 0, 0, 0, 61, 7, 74, 33, 3, 0, 1, 16, 0, 0, 10, 9, 14]"
4,22,172,172,0,24,18,"[0, 0, 0, 0, 0, 36, 3, 77, 34, 2, 0, 2, 24, 0, 0, 14, 11, 16]"
5,18,163,163,0,24,18,"[0, 0, 0, 0, 0, 15, 0, 67, 53, 2, 0, 14, 46, 0, 0, 12, 27, 14]"
6,18,161,161,0,24,18,"[0, 0, 0, 0, 0, 12, 0, 69, 68, 0, 0, 10, 54, 0, 0, 17, 29, 17]"
7,24,292,292,0,24,18,"[0, 0, 0, 0, 0, 36, 0, 120, 88, 0, 0, 26, 81, 0, 0, 25, 66, 28]"
8,21,222,222,0,24,18,"[0, 0, 0, 0, 0, 19, 0, 75, 65, 0, 0, 24, 64, 0, 0, 24, 50, 24]"
9,21,156,156,0,24,18,"[0, 0, 0, 0, 0, 31, 1, 67, 48, 0, 0, 20, 27, 0, 0, 9, 10, 5]"
10,21,178,178,0,24,18,"[0, 0, 0, 0, 0, 23, 1, 68, 67, 0, 0, 13, 58, 0, 0, 14, 23, 15]"
11,21,148,148,0,24,18,"[0, 0, 0, 0, 0, 22, 1, 59, 47, 0, 0, 7, 40, 0, 0, 11, 23, 13]"
12,20,203,203,0,24,18,"[0, 0, 0, 0, 0, 30, 0, 75, 62, 0, 0, 16, 54, 0, 0, 30, 34, 18]"
13,21,238,238,0,24,18,"[0, 0, 0, 0, 0, 27, 1, 93, 90, 0, 3, 6, 82, 0, 0, 23, 46, 22]"
14,20,205,205,0,24,18,"[0, 0, 0, 0, 0, 24, 1, 95, 67, 1, 4, 9, 46, 0, 0, 30, 15, 17]"
15,23,412,411,1,24,18,"[0, 0, 0, 0, 0, 44, 1, 167, 139, 6, 6, 14, 154, 0, 0, 46, 89, 53]"
16,22,440,439,1,24,18,"[0, 0, 0, 0, 0, 52, 5, 188, 144, 20, 3, 4, 143, 0, 0, 58, 114, 62]"
17,20,327,326,1,24,18,"[0, 0, 0, 0, 0, 34, 2, 148, 99, 7, 12, 14, 97, 1, 1, 76, 74, 26]"
18,24,421,421,0,24,18,"[0, 0, 0, 0, 0, 38, 1, 176, 163, 10, 20, 28, 111, 0, 1, 63, 89, 44]"
19,21,367,367,0,24,18,"[0, 0, 0, 0, 0, 38, 3, 148, 118, 13, 8, 21, 113, 1, 2, 67, 97, 55]"
20,23,546,544,2,24,18,"[0, 0, 0, 0, 0, 52, 4, 232, 192, 33, 16, 48, 176, 3, 3, 79, 129, 56]"
21,21,587,586,1,24,18,"[0, 0, 0, 0, 0, 51, 2, 228, 232, 27, 8, 43, 212, 1, 5, 89, 150, 101]"
22,21,635,631,4,24,18,"[0, 0, 0, 0, 0, 59, 1, 267, 240, 48, 14, 55, 238, 4, 2, 91, 150, 82]"
23,23,674,671,3,24,18,"[0, 0, 0, 0, 0, 57, 8, 263, 270, 54, 17, 57, 252, 2, 10, 117, 184, 100]"
24,20,699,695,4,24,18,"[0, 0, 0, 0, 0, 58, 7, 296, 287, 51, 22, 120, 264, 7, 12, 118, 172, 87]"
25,23,522,521,1,24,18,"[0, 0, 0, 0, 0, 53, 3, 216, 200, 30, 16, 41, 187, 5, 10, 112, 135, 71]"
26,19,627,624,3,24,18,"[0, 0, 0, 0, 0, 53, 11, 266, 234, 38, 31, 69, 226, 5, 9, 103, 154, 87]"
27,22,591,591,0,24,18,"[0, 0, 0, 0, 0, 47, 1, 232, 224, 30, 14, 77, 230, 8, 3, 109, 158, 92]"
28,21,732,729,3,24,18,"[0, 0, 0, 0, 0, 62, 8, 303, 290, 49, 21, 84, 281, 9, 7, 124, 179, 103]"
29,21,534,532,2,24,18,"[0, 0, 0, 0, 0, 28, 7, 232, 232, 45, 12, 76, 198, 12, 12, 115, 147, 96]"
30,21,627,624,3,24,18,"[0, 0, 0, 0, 0, 35, 6, 269, 253, 55, 29, 100, 251, 5, 5, 134, 191, 93]"
31,20,879,873,6,24,18,"[0, 0, 0, 0, 0, 64, 9, 356, 365, 55, 25, 140, 339, 10, 7, 140, 245, 105]"
32,21,667,665,2,24,18,"[0, 0, 0, 0, 0, 52, 8, 266, 266, 51, 22, 74, 237, 7, 11, 142, 193, 112]"
33,20,624,621,3,24,18,"[0, 0, 0, 0, 0, 61, 6, 263, 212, 38, 12, 78, 225, 9, 5, 123, 178, 95]"
34,23,599,596,3,24,18,"[0, 0, 0, 0, 0, 42, 2, 276, 227, 38, 19, 88, 230, 2, 6, 60, 179, 117]"
35,21,497,494,3,24,18,"[0, 0, 0, 0, 0, 41, 1, 224, 184, 32, 18, 86, 192, 4, 2, 96, 108, 69]"
36,21,618,617,1,24,18,"[0, 0, 0, 0, 0, 46, 1, 280, 213, 22, 20, 94, 219, 1, 2, 113, 109, 51]"
37,22,787,782,5,24,18,"[0, 0, 0, 0, 0, 47, 1, 345, 350, 46, 32, 143, 340, 2, 4, 150, 155, 90]"
38,23,665,661,4,24,18,"[0, 0, 0, 0, 0, 45, 2, 290, 276, 35, 27, 124, 265, 1, 3, 122, 132, 68]"
39,21,469,468,1,24,18,"[0, 0, 0, 0, 0, 48, 2, 201, 153, 25, 26, 89, 194, 1, 1, 54, 70, 44]"
40,20,464,461,3,24,18,"[0, 0, 0, 0, 0, 31, 0, 183, 198, 18, 13, 83, 199, 2, 0, 112, 85, 35]"
41,18,505,502,3,24,18,"[0, 0, 0, 0, 0, 26, 1, 197, 222, 28, 14, 81, 226, 1, 1, 125, 108, 56]"
42,15,291,291,0,24,18,"[0, 0, 0, 0, 0, 23, 1, 130, 110, 22, 13, 28, 112, 0, 0, 29, 65, 46]"
43,23,266,265,1,24,18,"[0, 0, 0, 0, 0, 28, 1, 117, 104, 2, 11, 42, 98, 0, 0, 62, 39, 6]"
44,22,403,402,1,24,18,"[0, 0, 0, 0, 0, 30, 0, 152, 149, 15, 11, 57, 157, 0, 0, 88, 94, 43]"
45,19,450,448,2,24,18,"[0, 0, 0, 0, 0, 30, 0, 189, 200, 10, 25, 96, 155, 1, 0, 79, 63, 36]"
46,17,301,300,1,24,18,"[0, 0, 0, 0, 0, 21, 0, 148, 120, 3, 13, 54, 105, 0, 0, 73, 34, 5]"
47,16,215,215,0,24,18,"[0, 0, 0, 0, 0, 26, 0, 80, 80, 7, 1, 27, 74, 0, 0, 37, 51, 19]"
48,16,327,326,1,24,18,"[0, 0, 0, 0, 0, 42, 0, 128, 118, 5, 6, 38, 104, 0, 0, 35, 83, 36]"
49,20,403,403,0,24,18,"[0, 0, 0, 0, 0, 31, 0, 160, 173, 12, 9, 70, 159, 0, 0, 65, 76, 40]"
50,15,256,256,0,24,18,"[0, 0, 0, 0, 0, 13, 0, 112, 106, 13, 9, 44, 92, 0, 0, 38, 61, 43]"
51,22,297,296,1,24,18,"[0, 0, 0, 0, 0, 24, 0, 127, 126, 16, 2, 25, 94, 0, 0, 41, 68, 50]"
52,17,378,376,2,24,18,"[0, 0, 0, 0, 0, 25, 0, 125, 149, 7, 3, 34, 130, 0, 0, 57, 124, 66]"
53,14,185,185,0,24,18,"[0, 0, 0, 0, 0, 13, 0, 59, 73, 8, 0, 7, 67, 0, 0, 21, 52, 40]"
54,14,158,158,0,24,18,"[0, 0, 0, 0, 0, 14, 0, 59, 63, 11, 3, 11, 46, 0, 0, 5, 48, 35]"
55,18,190,190,0,24,18,"[0, 0, 0, 0, 0, 26, 0, 60, 77, 1, 0, 23, 64, 0, 0, 16, 39, 14]"
56,15,241,240,1,24,18,"[0, 0, 0, 0, 0, 30, 0, 70, 103, 0, 0, 9, 63, 0, 0, 58, 66, 6]"
57,17,157,157,0,24,18,"[0, 0, 0, 0, 0, 13, 0, 56, 59, 0, 0, 7, 42, 0, 0, 21, 50, 4]"
58,19,137,137,0,24,18,"[0, 0, 0, 0, 0, 21, 0, 41, 30, 0, 0, 7, 43, 0, 0, 23, 25, 1]"
59,17,94,94,0,24,18,"[0, 0, 0, 0, 0, 11, 0, 27, 40, 0, 0, 10, 29, 0, 0, 10, 16, 0]"
60,19,112,112,0,24,18,"[0, 0, 0, 0, 0, 15, 0, 45, 27, 0, 0, 15, 17, 0, 0, 9, 17, 0]"
61,16,109,109,0,24,18,"[0, 0, 0, 0, 0, 12, 0, 26, 47, 0, 0, 11, 37, 0, 0, 16, 19, 1]"
62,15,52,52,0,24,18,"[0, 0, 0, 0, 0, 13, 0, 15, 15, 0, 0, 6, 6, 0, 0, 10, 7, 1]"
63,17,79,79,0,24,18,"[0, 0, 0, 0, 0, 6, 0, 13, 32, 0, 0, 3, 26, 0, 0, 6, 19, 1]"
64,17,98,98,0,24,18,"[0, 0, 0, 0, 0, 8, 0, 24, 50, 0, 0, 2, 36, 0, 0, 12, 11, 0]"
65,16,75,75,0,24,18,"[0, 0, 0, 0, 0, 8, 0, 20, 27, 0, 0, 2, 25, 0, 0, 16, 9, 0]"
66,16,104,104,0,24,18,"[0, 0, 0, 0, 0, 14, 0, 23, 48, 0, 0, 3, 37, 0, 0, 9, 16, 1]"
67,15,57,57,0,24,18,"[0, 0, 0, 0, 0, 11, 0, 14, 17, 0, 0, 3, 12, 0, 0, 9, 9, 0]"
68,16,60,60,0,24,18,"[0, 0, 0, 0, 0, 1, 0, 22, 18, 0, 0, 5, 17, 0, 0, 10, 7, 0]"
69,12,43,43,0,24,18,"[0, 0, 0, 0, 0, 4, 0, 11, 21, 0, 0, 1, 11, 0, 0, 2, 4, 0]"
70,15,52,52,0,24,18,"[0, 0, 0, 0, 0, 4, 0, 16, 18, 0, 0, 5, 15, 0, 0, 3, 7, 1]"
71,15,113,113,0,24,18,"[0, 0, 0, 0, 0, 7, 0, 27, 51, 0, 0, 8, 43, 0, 0, 27, 9, 0]"
72,14,65,65,0,24,18,"[0, 0, 0, 0, 0, 3, 0, 13, 27, 0, 0, 1, 15, 0, 0, 18, 11, 0]"
73,14,46,46,0,24,18,"[0, 0, 0, 0, 0, 5, 0, 13, 17, 0, 0, 1, 9, 0, 0, 11, 7, 0]"
74,14,28,28,0,24,18,"[0, 0, 0, 0, 0, 1, 0, 8, 11, 0, 0, 1, 6, 0, 0, 5, 1, 0]"
75,18,34,34,0,24,18,"[0, 0, 0, 0, 0, 8, 0, 8, 10, 0, 0, 2, 7, 0, 0, 5, 2, 0]"
76,10,13,13,0,24,18,"[0, 0, 0, 0, 0, 1, 0, 4, 4, 0, 0, 0, 5, 0, 0, 2, 2, 0]"
77,7,25,25,0,24,18,"[0, 0, 0, 0, 0, 2, 0, 2, 10, 0, 0, 0, 8, 0, 0, 5, 8, 0]"
78,13,39,39,0,24,18,"[0, 0, 0, 0, 0, 4, 0, 7, 15, 0, 0, 6, 13, 0, 0, 2, 7, 0]"
79,14,32,32,0,24,18,"[0, 0, 0, 0, 0, 1, 0, 9, 16, 0, 0, 1, 8, 0, 0, 1, 7, 0]"
80,10,28,28,0,24,18,"[0, 0, 0, 0, 0, 0, 0, 4, 17, 0, 0, 0, 7, 0, 0, 7, 9, 0]"
81,8,22,22,0,24,18,"[0, 0, 0, 0, 0, 0, 0, 2, 7, 0, 0, 0, 8, 0, 0, 4, 6, 0]"
82,11,33,33,0,24,18,"[0, 0, 0, 0, 0, 4, 0, 3, 16, 0, 0, 0, 11, 0, 0, 7, 1, 0]"
83,8,22,22,0,24,18,"[0, 0, 0, 0, 0, 0, 0, 2, 10, 0, 0, 0, 10, 0, 0, 2, 7, 0]"
84,9,27,27,0,24,18,"[0, 0, 0, 0, 0, 2, 0, 3, 13, 0, 0, 0, 5, 0, 0, 4, 3, 1]"
85,10,19,19,0,24,18,"[0, 0, 0, 0, 0, 1, 0, 1, 10, 0, 0, 0, 6, 0, 0, 4, 1, 0]"
86,9,20,20,0,24,18,"[0, 0, 0, 0, 0, 3, 0, 3, 10, 0, 0, 0, 3, 0, 0, 5, 0, 0]"
87,11,38,38,0,24,18,"[0, 0, 0, 0, 0, 1, 0, 1, 23, 0, 0, 2, 7, 0, 0, 5, 12, 0]"
88,9,19,19,0,24,18,"[0, 0, 0, 0, 0, 2, 0, 1, 9, 0, 0, 0, 5, 0, 0, 1, 6, 0]"
89,9,16,16,0,24,18,"[0, 0, 0, 0, 0, 1, 0, 0, 7, 0, 0, 0, 7, 0, 0, 5, 1, 0]"
90,7,18,18,0,24,18,"[0, 0, 0, 0, 0, 1, 0, 0, 6, 0, 0, 0, 6, 0, 0, 3, 5, 0]"
91,5,10,10,0,24,18,"[0, 0, 0, 0, 0, 1, 0, 0, 5, 0, 0, 0, 2, 0, 0, 4, 0, 0]"
92,6,29,29,0,24,18,"[0, 0, 0, 0, 0, 3, 0, 0, 13, 0, 0, 0, 5, 0, 0, 1, 10, 0]"
93,9,16,16,0,24,18,"[0, 0, 0, 0, 0, 0, 0, 1, 3, 0, 0, 0, 11, 0, 0, 1, 0, 0]"
94,7,9,9,0,24,18,"[0, 0, 0, 0, 0, 0, 0, 1, 1, 0, 0, 0, 5, 0, 0, 0, 2, 0]"
95,5,17,17,0,24,18,"[0, 0, 0, 0, 0, 0, 0, 1, 8, 0, 0, 0, 9, 0, 0, 0, 6, 0]"
96,5,7,7,0,24,18,"[0, 0, 0, 0, 0, 0, 0, 0, 5, 0, 0, 0, 2, 0, 0, 1, 0, 0]"
97,7,16,16,0,24,18,"[0, 0, 0, 0, 0, 0, 0, 1, 12, 0, 0, 0, 1, 0, 0, 3, 0, 0]"
98,10,14,14,0,24,18,"[0, 0, 0, 0, 0, 0, 0, 1, 4, 0, 0, 0, 7, 0, 0, 4, 1, 0]"
99,6,9,9,0,24,18,"[0, 0, 0, 0, 0, 0, 0, 0, 2, 0, 0, 0, 5, 0, 0, 1, 2, 0]"
100,5,9,9,0,24,18,"[0, 0, 0, 0, 0, 0, 0, 0, 6, 0, 0, 0, 2, 0, 0, 1, 0, 0]"
101,6,11,11,0,24,18,"[0, 0, 0, 0, 0, 0, 0, 0, 6, 0, 0, 0, 4, 0, 0, 0, 1, 0]"
102,7,11,11,0,24,18,"[0, 0, 0, 0, 0, 0, 0, 0, 4, 0, 0, 0, 3, 0, 0, 2, 3, 0]"
103,6,15,15,0,24,18,"[0, 0, 0, 0, 0, 0, 0, 0, 3, 0, 0, 0, 9, 0, 0, 2, 2, 0]"
104,6,17,17,0,24,18,"[0, 0, 0, 0, 0, 0, 0, 0, 7, 0, 0, 0, 7, 0, 0, 4, 0, 0]"
105,6,7,7,0,24,18,"[0, 0, 0, 0, 0, 0, 0, 0, 3, 0, 0, 0, 3, 0, 0, 1, 1, 0]"
106,5,7,7,0,24,18,"[0, 0, 0, 0, 0, 0, 0, 0, 1, 0, 0, 0, 4, 0, 0, 1, 1, 0]"
107,7,8,8,0,24,18,"[0, 0, 0, 0, 0, 0, 0, 0, 1, 0, 0, 0, 5, 0, 0, 0, 2, 0]"
108,6,13,13,0,24,18,"[0, 0, 0, 0, 0, 0, 0, 0, 7, 0, 0, 0, 2, 0, 0, 0, 4, 0]"
109,4,4,4,0,24,18,"[0, 0, 0, 0, 0, 0, 0, 0, 2, 0, 0, 0, 1, 0, 0, 1, 0, 0]"
110,1,1,1,0,24,18,"[0, 0, 0, 0, 0, 0, 0, 0, 0, 0, 0, 0, 0, 0, 0, 0, 1, 0]"
111,2,7,7,0,24,18,"[0, 0, 0, 0, 0, 0, 0, 0, 0, 0, 0, 0, 6, 0, 0, 1, 0, 0]"
112,1,2,2,0,24,18,"[0, 0, 0, 0, 0, 0, 0, 0, 0, 0, 0, 0, 0, 0, 0, 0, 2, 0]"
113,1,1,1,0,24,18,"[0, 0, 0, 0, 0, 0, 0, 0, 0, 0, 0, 0, 0, 0, 0, 1, 0, 0]"
114,3,3,3,0,24,18,"[0, 0, 0, 0, 0, 0, 0, 0, 2, 0, 0, 0, 0, 0, 0, 1, 0, 0]"
115,2,3,3,0,24,18,"[0, 0, 0, 0, 0, 0, 0, 0, 3, 0, 0, 0, 0, 0, 0, 0, 0, 0]"
116,3,7,7,0,24,18,"[0, 0, 0, 0, 0, 0, 0, 0, 4, 0, 0, 0, 0, 0, 0, 3, 0, 0]"
117,3,3,3,0,24,18,"[0, 0, 0, 0, 0, 0, 0, 0, 2, 0, 0, 0, 0, 0, 0, 1, 0, 0]"
118,0,0,0,0,24,18,"[0, 0, 0, 0, 0, 0, 0, 0, 0, 0, 0, 0, 0, 0, 0, 0, 0, 0]"
119,3,3,3,0,24,18,"[0, 0, 0, 0, 0, 0, 0, 0, 2, 0, 0, 0, 0, 0, 0, 2, 0, 0]"
120,1,1,1,0,24,18,"[0, 0, 0, 0, 0, 0, 0, 0, 0, 0, 0, 0, 0, 0, 0, 1, 0, 0]"
121,2,3,3,0,24,18,"[0, 0, 0, 0, 0, 0, 0, 0, 2, 0, 0, 0, 1, 0, 0, 0, 0, 0]"
122,3,5,5,0,24,18,"[0, 0, 0, 0, 0, 0, 0, 0, 3, 0, 0, 0, 0, 0, 0, 2, 0, 0]"
123,4,8,8,0,24,18,"[0, 0, 0, 0, 0, 0, 0, 0, 3, 0, 0, 0, 0, 0, 0, 5, 0, 0]"
124,3,7,7,0,24,18,"[0, 0, 0, 0, 0, 0, 0, 0, 3, 0, 0, 0, 1, 0, 0, 4, 0, 0]"
125,4,6,6,0,24,18,"[0, 0, 0, 0, 0, 0, 0, 0, 1, 0, 0, 0, 0, 0, 0, 5, 0, 0]"
126,1,3,3,0,24,18,"[0, 0, 0, 0, 0, 0, 0, 0, 2, 0, 0, 0, 0, 0, 0, 2, 0, 0]"
127,2,3,3,0,24,18,"[0, 0, 0, 0, 0, 0, 0, 0, 0, 0, 0, 0, 0, 0, 0, 3, 0, 0]"
128,1,4,4,0,24,18,"[0, 0, 0, 0, 0, 0, 0, 0, 4, 0, 0, 0, 1, 0, 0, 1, 0, 0]"
129,1,2,2,0,24,18,"[0, 0, 0, 0, 0, 0, 0, 0, 0, 0, 0, 0, 0, 0, 0, 2, 0, 0]"
130,0,0,0,0,24,18,"[0, 0, 0, 0, 0, 0, 0, 0, 0, 0, 0, 0, 0, 0, 0, 0, 0, 0]"
131,2,3,3,0,24,18,"[0, 0, 0, 0, 0, 0, 0, 0, 0, 0, 0, 0, 0, 0, 0, 3, 0, 0]"
132,0,0,0,0,24,18,"[0, 0, 0, 0, 0, 0, 0, 0, 0, 0, 0, 0, 0, 0, 0, 0, 0, 0]"
133,2,3,3,0,24,18,"[0, 0, 0, 0, 0, 0, 0, 0, 0, 0, 0, 0, 0, 0, 0, 3, 0, 0]"
134,2,2,2,0,24,18,"[0, 0, 0, 0, 0, 0, 0, 0, 2, 0, 0, 0, 0, 0, 0, 0, 0, 0]"
135,1,1,1,0,24,18,"[0, 0, 0, 0, 0, 0, 0, 0, 1, 0, 0, 0, 0, 0, 0, 1, 0, 0]"
136,0,0,0,0,24,18,"[0, 0, 0, 0, 0, 0, 0, 0, 0, 0, 0, 0, 0, 0, 0, 0, 0, 0]"
137,1,1,1,0,24,18,"[0, 0, 0, 0, 0, 0, 0, 0, 1, 0, 0, 0, 0, 0, 0, 0, 0, 0]"
138,0,0,0,0,24,18,"[0, 0, 0, 0, 0, 0, 0, 0, 0, 0, 0, 0, 0, 0, 0, 0, 0, 0]"
139,1,1,1,0,24,18,"[0, 0, 0, 0, 0, 0, 0, 0, 1, 0, 0, 0, 1, 0, 0, 0, 0, 0]"
140,2,2,2,0,24,18,"[0, 0, 0, 0, 0, 0, 0, 0, 0, 0, 0, 0, 0, 0, 0, 1, 1, 0]"
141,1,1,1,0,24,18,"[0, 0, 0, 0, 0, 0, 0, 0, 0, 0, 0, 0, 0, 0, 0, 0, 1, 0]"
142,1,1,1,0,24,18,"[0, 0, 0, 0, 0, 0, 0, 0, 0, 0, 0, 0, 0, 0, 0, 0, 1, 0]"
143,1,1,1,0,24,18,"[0, 0, 0, 0, 0, 0, 0, 0, 1, 0, 0, 0, 0, 0, 0, 0, 0, 0]"
144,1,1,1,0,24,18,"[0, 0, 0, 0, 0, 0, 0, 0, 1, 0, 0, 0, 0, 0, 0, 0, 0, 0]"
145,0,0,0,0,24,18,"[0, 0, 0, 0, 0, 0, 0, 0, 0, 0, 0, 0, 0, 0, 0, 0, 0, 0]"
146,0,0,0,0,24,18,"[0, 0, 0, 0, 0, 0, 0, 0, 0, 0, 0, 0, 0, 0, 0, 0, 0, 0]"
147,1,1,1,0,24,18,"[0, 0, 0, 0, 0, 0, 0, 0, 0, 0, 0, 0, 0, 0, 0, 0, 1, 0]"
148,0,0,0,0,24,18,"[0, 0, 0, 0, 0, 0, 0, 0, 0, 0, 0, 0, 0, 0, 0, 0, 0, 0]"
149,1,1,1,0,24,18,"[0, 0, 0, 0, 0, 0, 0, 0, 1, 0, 0, 0, 0, 0, 0, 0, 0, 0]"
150,1,1,1,0,24,18,"[0, 0, 0, 0, 0, 0, 0, 0, 0, 0, 0, 0, 0, 0, 0, 1, 0, 0]"
151,0,0,0,0,24,18,"[0, 0, 0, 0, 0, 0, 0, 0, 0, 0, 0, 0, 0, 0, 0, 0, 0, 0]"
152,0,0,0,0,24,18,"[0, 0, 0, 0, 0, 0, 0, 0, 0, 0, 0, 0, 0, 0, 0, 0, 0, 0]"
153,2,4,4,0,24,18,"[0, 0, 0, 0, 0, 0, 0, 0, 3, 0, 0, 0, 0, 0, 0, 1, 0, 0]"
154,0,0,0,0,24,18,"[0, 0, 0, 0, 0, 0, 0, 0, 0, 0, 0, 0, 0, 0, 0, 0, 0, 0]"
155,1,1,1,0,24,18,"[0, 0, 0, 0, 0, 0, 0, 0, 0, 0, 0, 0, 0, 0, 0, 1, 0, 0]"
156,0,0,0,0,24,18,"[0, 0, 0, 0, 0, 0, 0, 0, 0, 0, 0, 0, 0, 0, 0, 0, 0, 0]"
157,0,0,0,0,24,18,"[0, 0, 0, 0, 0, 0, 0, 0, 0, 0, 0, 0, 0, 0, 0, 0, 0, 0]"
158,2,2,2,0,24,18,"[0, 0, 0, 0, 0, 0, 0, 0, 1, 0, 0, 0, 0, 0, 0, 0, 1, 0]"
159,1,1,1,0,24,18,"[0, 0, 0, 0, 0, 0, 0, 0, 1, 0, 0, 0, 0, 0, 0, 0, 0, 0]"
160,1,1,1,0,24,18,"[0, 0, 0, 0, 0, 0, 0, 0, 1, 0, 0, 0, 0, 0, 0, 0, 0, 0]"
161,0,0,0,0,24,18,"[0, 0, 0, 0, 0, 0, 0, 0, 0, 0, 0, 0, 0, 0, 0, 0, 0, 0]"
162,2,2,2,0,24,18,"[0, 0, 0, 0, 0, 0, 0, 0, 2, 0, 0, 0, 0, 0, 0, 0, 0, 0]"
163,0,0,0,0,24,18,"[0, 0, 0, 0, 0, 0, 0, 0, 0, 0, 0, 0, 0, 0, 0, 0, 0, 0]"
164,0,0,0,0,24,18,"[0, 0, 0, 0, 0, 0, 0, 0, 0, 0, 0, 0, 0, 0, 0, 0, 0, 0]"
165,2,2,2,0,24,18,"[0, 0, 0, 0, 0, 0, 0, 0, 1, 0, 0, 0, 0, 0, 0, 0, 1, 0]"
166,1,1,1,0,24,18,"[0, 0, 0, 0, 0, 0, 0, 0, 1, 0, 0, 0, 0, 0, 0, 0, 0, 0]"
167,1,1,1,0,24,18,"[0, 0, 0, 0, 0, 0, 0, 0, 1, 0, 0, 0, 0, 0, 0, 0, 0, 0]"
168,0,0,0,0,24,18,"[0, 0, 0, 0, 0, 0, 0, 0, 0, 0, 0, 0, 0, 0, 0, 0, 0, 0]"
169,1,1,1,0,24,18,"[0, 0, 0, 0, 0, 0, 0, 0, 1, 0, 0, 0, 0, 0, 0, 0, 0, 0]"
170,0,0,0,0,24,18,"[0, 0, 0, 0, 0, 0, 0, 0, 0, 0, 0, 0, 0, 0, 0, 0, 0, 0]"
171,0,0,0,0,24,18,"[0, 0, 0, 0, 0, 0, 0, 0, 0, 0, 0, 0, 0, 0, 0, 0, 0, 0]"
172,0,0,0,0,24,18,"[0, 0, 0, 0, 0, 0, 0, 0, 0, 0, 0, 0, 0, 0, 0, 0, 0, 0]"
173,0,0,0,0,24,18,"[0, 0, 0, 0, 0, 0, 0, 0, 0, 0, 0, 0, 0, 0, 0, 0, 0, 0]"
174,1,1,1,0,24,18,"[0, 0, 0, 0, 0, 0, 0, 0, 0, 0, 0, 0, 0, 0, 0, 1, 0, 0]"
175,2,3,3,0,24,18,"[0, 0, 0, 0, 0, 0, 0, 0, 1, 0, 0, 0, 0, 0, 0, 2, 0, 0]"
176,1,1,1,0,24,18,"[0, 0, 0, 0, 0, 0, 0, 0, 0, 0, 0, 0, 0, 0, 0, 1, 0, 0]"
177,1,3,3,0,24,18,"[0, 0, 0, 0, 0, 0, 0, 0, 3, 0, 0, 0, 0, 0, 0, 0, 0, 0]"
178,1,1,1,0,24,18,"[0, 0, 0, 0, 0, 0, 0, 0, 0, 0, 0, 0, 0, 0, 0, 1, 0, 0]"
179,1,1,1,0,24,18,"[0, 0, 0, 0, 0, 0, 0, 0, 1, 0, 0, 0, 0, 0, 0, 0, 0, 0]"
180,0,0,0,0,24,18,"[0, 0, 0, 0, 0, 0, 0, 0, 0, 0, 0, 0, 0, 0, 0, 0, 0, 0]"
181,0,0,0,0,24,18,"[0, 0, 0, 0, 0, 0, 0, 0, 0, 0, 0, 0, 0, 0, 0, 0, 0, 0]"
182,0,0,0,0,24,18,"[0, 0, 0, 0, 0, 0, 0, 0, 0, 0, 0, 0, 0, 0, 0, 0, 0, 0]"
183,2,3,3,0,24,18,"[0, 0, 0, 0, 0, 0, 0, 0, 0, 0, 0, 0, 0, 0, 0, 3, 0, 0]"
184,0,0,0,0,24,18,"[0, 0, 0, 0, 0, 0, 0, 0, 0, 0, 0, 0, 0, 0, 0, 0, 0, 0]"
185,0,0,0,0,24,18,"[0, 0, 0, 0, 0, 0, 0, 0, 0, 0, 0, 0, 0, 0, 0, 0, 0, 0]"
186,0,0,0,0,24,18,"[0, 0, 0, 0, 0, 0, 0, 0, 0, 0, 0, 0, 0, 0, 0, 0, 0, 0]"
187,0,0,0,0,24,18,"[0, 0, 0, 0, 0, 0, 0, 0, 0, 0, 0, 0, 0, 0, 0, 0, 0, 0]"
188,0,0,0,0,24,18,"[0, 0, 0, 0, 0, 0, 0, 0, 0, 0, 0, 0, 0, 0, 0, 0, 0, 0]"
189,0,0,0,0,24,18,"[0, 0, 0, 0, 0, 0, 0, 0, 0, 0, 0, 0, 0, 0, 0, 0, 0, 0]"
190,1,1,1,0,24,18,"[0, 0, 0, 0, 0, 0, 0, 0, 0, 0, 0, 0, 0, 0, 0, 1, 0, 0]"
191,0,0,0,0,24,18,"[0, 0, 0, 0, 0, 0, 0, 0, 0, 0, 0, 0, 0, 0, 0, 0, 0, 0]"
192,1,1,1,0,24,18,"[0, 0, 0, 0, 0, 0, 0, 0, 1, 0, 0, 0, 0, 0, 0, 0, 0, 0]"
193,1,1,1,0,24,18,"[0, 0, 0, 0, 0, 0, 0, 0, 1, 0, 0, 0, 0, 0, 0, 0, 0, 0]"
194,1,1,1,0,24,18,"[0, 0, 0, 0, 0, 0, 0, 0, 0, 0, 0, 0, 0, 0, 0, 1, 0, 0]"
195,0,0,0,0,24,18,"[0, 0, 0, 0, 0, 0, 0, 0, 0, 0, 0, 0, 0, 0, 0, 0, 0, 0]"
196,1,1,1,0,24,18,"[0, 0, 0, 0, 0, 0, 0, 0, 0, 0, 0, 0, 0, 0, 0, 1, 0, 0]"
197,0,0,0,0,24,18,"[0, 0, 0, 0, 0, 0, 0, 0, 0, 0, 0, 0, 0, 0, 0, 0, 0, 0]"
198,1,1,1,0,24,18,"[0, 0, 0, 0, 0, 0, 0, 0, 0, 0, 0, 0, 0, 0, 0, 1, 0, 0]"
199,1,1,1,0,24,18,"[0, 0, 0, 0, 0, 0, 0, 0, 1, 0, 0, 0, 0, 0, 0, 0, 0, 0]"
200,0,0,0,0,24,18,"[0, 0, 0, 0, 0, 0, 0, 0, 0, 0, 0, 0, 0, 0, 0, 0, 0, 0]"
201,0,0,0,0,24,18,"[0, 0, 0, 0, 0, 0, 0, 0, 0, 0, 0, 0, 0, 0, 0, 0, 0, 0]"
202,2,4,4,0,24,18,"[0, 0, 0, 0, 0, 0, 0, 0, 0, 0, 0, 0, 0, 0, 0, 3, 1, 0]"
203,0,0,0,0,24,18,"[0, 0, 0, 0, 0, 0, 0, 0, 0, 0, 0, 0, 0, 0, 0, 0, 0, 0]"
204,0,0,0,0,24,18,"[0, 0, 0, 0, 0, 0, 0, 0, 0, 0, 0, 0, 0, 0, 0, 0, 0, 0]"
205,1,1,1,0,24,18,"[0, 0, 0, 0, 0, 0, 0, 0, 0, 0, 0, 0, 0, 0, 0, 1, 0, 0]"
206,0,0,0,0,24,18,"[0, 0, 0, 0, 0, 0, 0, 0, 0, 0, 0, 0, 0, 0, 0, 0, 0, 0]"
207,0,0,0,0,24,18,"[0, 0, 0, 0, 0, 0, 0, 0, 0, 0, 0, 0, 0, 0, 0, 0, 0, 0]"
208,1,2,2,0,24,18,"[0, 0, 0, 0, 0, 0, 0, 0, 0, 0, 0, 0, 0, 0, 0, 2, 0, 0]"
209,2,4,4,0,24,18,"[0, 0, 0, 0, 0, 0, 0, 0, 0, 0, 0, 0, 0, 0, 0, 4, 0, 0]"
210,0,0,0,0,24,18,"[0, 0, 0, 0, 0, 0, 0, 0, 0, 0, 0, 0, 0, 0, 0, 0, 0, 0]"
211,0,0,0,0,24,18,"[0, 0, 0, 0, 0, 0, 0, 0, 0, 0, 0, 0, 0, 0, 0, 0, 0, 0]"
212,0,0,0,0,24,18,"[0, 0, 0, 0, 0, 0, 0, 0, 0, 0, 0, 0, 0, 0, 0, 0, 0, 0]"
213,0,0,0,0,24,18,"[0, 0, 0, 0, 0, 0, 0, 0, 0, 0, 0, 0, 0, 0, 0, 0, 0, 0]"
214,0,0,0,0,24,18,"[0, 0, 0, 0, 0, 0, 0, 0, 0, 0, 0, 0, 0, 0, 0, 0, 0, 0]"
215,1,4,4,0,24,18,"[0, 0, 0, 0, 0, 0, 0, 0, 0, 0, 0, 0, 0, 0, 0, 4, 0, 0]"
216,1,1,1,0,24,18,"[0, 0, 0, 0, 0, 0, 0, 0, 0, 0, 0, 0, 0, 0, 0, 1, 0, 0]"
217,0,0,0,0,24,18,"[0, 0, 0, 0, 0, 0, 0, 0, 0, 0, 0, 0, 0, 0, 0, 0, 0, 0]"
218,0,0,0,0,24,18,"[0, 0, 0, 0, 0, 0, 0, 0, 0, 0, 0, 0, 0, 0, 0, 0, 0, 0]"
219,0,0,0,0,24,18,"[0, 0, 0, 0, 0, 0, 0, 0, 0, 0, 0, 0, 0, 0, 0, 0, 0, 0]"
220,0,0,0,0,24,18,"[0, 0, 0, 0, 0, 0, 0, 0, 0, 0, 0, 0, 0, 0, 0, 0, 0, 0]"
221,0,0,0,0,24,18,"[0, 0, 0, 0, 0, 0, 0, 0, 0, 0, 0, 0, 0, 0, 0, 0, 0, 0]"
222,0,0,0,0,24,18,"[0, 0, 0, 0, 0, 0, 0, 0, 0, 0, 0, 0, 0, 0, 0, 0, 0, 0]"
223,0,0,0,0,24,18,"[0, 0, 0, 0, 0, 0, 0, 0, 0, 0, 0, 0, 0, 0, 0, 0, 0, 0]"
224,1,1,1,0,24,18,"[0, 0, 0, 0, 0, 0, 0, 0, 0, 0, 0, 0, 0, 0, 0, 1, 0, 0]"
225,0,0,0,0,24,18,"[0, 0, 0, 0, 0, 0, 0, 0, 0, 0, 0, 0, 0, 0, 0, 0, 0, 0]"
226,0,0,0,0,24,18,"[0, 0, 0, 0, 0, 0, 0, 0, 0, 0, 0, 0, 0, 0, 0, 0, 0, 0]"
227,0,0,0,0,24,18,"[0, 0, 0, 0, 0, 0, 0, 0, 0, 0, 0, 0, 0, 0, 0, 0, 0, 0]"
228,0,0,0,0,24,18,"[0, 0, 0, 0, 0, 0, 0, 0, 0, 0, 0, 0, 0, 0, 0, 0, 0, 0]"
229,0,0,0,0,24,18,"[0, 0, 0, 0, 0, 0, 0, 0, 0, 0, 0, 0, 0, 0, 0, 0, 0, 0]"
230,0,0,0,0,24,18,"[0, 0, 0, 0, 0, 0, 0, 0, 0, 0, 0, 0, 0, 0, 0, 0, 0, 0]"
231,0,0,0,0,24,18,"[0, 0, 0, 0, 0, 0, 0, 0, 0, 0, 0, 0, 0, 0, 0, 0, 0, 0]"
232,0,0,0,0,24,18,"[0, 0, 0, 0, 0, 0, 0, 0, 0, 0, 0, 0, 0, 0, 0, 0, 0, 0]"
233,0,0,0,0,24,18,"[0, 0, 0, 0, 0, 0, 0, 0, 0, 0, 0, 0, 0, 0, 0, 0, 0, 0]"
234,0,0,0,0,24,18,"[0, 0, 0, 0, 0, 0, 0, 0, 0, 0, 0, 0, 0, 0, 0, 0, 0, 0]"
235,0,0,0,0,24,18,"[0, 0, 0, 0, 0, 0, 0, 0, 0, 0, 0, 0, 0, 0, 0, 0, 0, 0]"
236,0,0,0,0,24,18,"[0, 0, 0, 0, 0, 0, 0, 0, 0, 0, 0, 0, 0, 0, 0, 0, 0, 0]"
237,0,0,0,0,24,18,"[0, 0, 0, 0, 0, 0, 0, 0, 0, 0, 0, 0, 0, 0, 0, 0, 0, 0]"
238,0,0,0,0,24,18,"[0, 0, 0, 0, 0, 0, 0, 0, 0, 0, 0, 0, 0, 0, 0, 0, 0, 0]"
239,0,0,0,0,24,18,"[0, 0, 0, 0, 0, 0, 0, 0, 0, 0, 0, 0, 0, 0, 0, 0, 0, 0]"
240,0,0,0,0,24,18,"[0, 0, 0, 0, 0, 0, 0, 0, 0, 0, 0, 0, 0, 0, 0, 0, 0, 0]"
241,0,0,0,0,24,18,"[0, 0, 0, 0, 0, 0, 0, 0, 0, 0, 0, 0, 0, 0, 0, 0, 0, 0]"
242,0,0,0,0,24,18,"[0, 0, 0, 0, 0, 0, 0, 0, 0, 0, 0, 0, 0, 0, 0, 0, 0, 0]"
243,0,0,0,0,24,18,"[0, 0, 0, 0, 0, 0, 0, 0, 0, 0, 0, 0, 0, 0, 0, 0, 0, 0]"
244,0,0,0,0,24,18,"[0, 0, 0, 0, 0, 0, 0, 0, 0, 0, 0, 0, 0, 0, 0, 0, 0, 0]"
245,0,0,0,0,24,18,"[0, 0, 0, 0, 0, 0, 0, 0, 0, 0, 0, 0, 0, 0, 0, 0, 0, 0]"
246,0,0,0,0,24,18,"[0, 0, 0, 0, 0, 0, 0, 0, 0, 0, 0, 0, 0, 0, 0, 0, 0, 0]"
247,0,0,0,0,24,18,"[0, 0, 0, 0, 0, 0, 0, 0, 0, 0, 0, 0, 0, 0, 0, 0, 0, 0]"
248,0,0,0,0,24,18,"[0, 0, 0, 0, 0, 0, 0, 0, 0, 0, 0, 0, 0, 0, 0, 0, 0, 0]"
249,0,0,0,0,24,18,"[0, 0, 0, 0, 0, 0, 0, 0, 0, 0, 0, 0, 0, 0, 0, 0, 0, 0]"
250,0,0,0,0,24,18,"[0, 0, 0, 0, 0, 0, 0, 0, 0, 0, 0, 0, 0, 0, 0, 0, 0, 0]"
251,0,0,0,0,24,18,"[0, 0, 0, 0, 0, 0, 0, 0, 0, 0, 0, 0, 0, 0, 0, 0, 0, 0]"
252,0,0,0,0,24,18,"[0, 0, 0, 0, 0, 0, 0, 0, 0, 0, 0, 0, 0, 0, 0, 0, 0, 0]"
253,0,0,0,0,24,18,"[0, 0, 0, 0, 0, 0, 0, 0, 0, 0, 0, 0, 0, 0, 0, 0, 0, 0]"
254,0,0,0,0,24,18,"[0, 0, 0, 0, 0, 0, 0, 0, 0, 0, 0, 0, 0, 0, 0, 0, 0, 0]"
255,0,0,0,0,24,18,"[0, 0, 0, 0, 0, 0, 0, 0, 0, 0, 0, 0, 0, 0, 0, 0, 0, 0]"
256,0,0,0,0,24,18,"[0, 0, 0, 0, 0, 0, 0, 0, 0, 0, 0, 0, 0, 0, 0, 0, 0, 0]"
257,0,0,0,0,24,18,"[0, 0, 0, 0, 0, 0, 0, 0, 0, 0, 0, 0, 0, 0, 0, 0, 0, 0]"
258,0,0,0,0,24,18,"[0, 0, 0, 0, 0, 0, 0, 0, 0, 0, 0, 0, 0, 0, 0, 0, 0, 0]"
259,0,0,0,0,24,18,"[0, 0, 0, 0, 0, 0, 0, 0, 0, 0, 0, 0, 0, 0, 0, 0, 0, 0]"
260,0,0,0,0,24,18,"[0, 0, 0, 0, 0, 0, 0, 0, 0, 0, 0, 0, 0, 0, 0, 0, 0, 0]"
261,0,0,0,0,24,18,"[0, 0, 0, 0, 0, 0, 0, 0, 0, 0, 0, 0, 0, 0, 0, 0, 0, 0]"
262,0,0,0,0,24,18,"[0, 0, 0, 0, 0, 0, 0, 0, 0, 0, 0, 0, 0, 0, 0, 0, 0, 0]"
263,0,0,0,0,24,18,"[0, 0, 0, 0, 0, 0, 0, 0, 0, 0, 0, 0, 0, 0, 0, 0, 0, 0]"
264,0,0,0,0,24,18,"[0, 0, 0, 0, 0, 0, 0, 0, 0, 0, 0, 0, 0, 0, 0, 0, 0, 0]"
265,0,0,0,0,24,18,"[0, 0, 0, 0, 0, 0, 0, 0, 0, 0, 0, 0, 0, 0, 0, 0, 0, 0]"
266,0,0,0,0,24,18,"[0, 0, 0, 0, 0, 0, 0, 0, 0, 0, 0, 0, 0, 0, 0, 0, 0, 0]"
267,0,0,0,0,24,18,"[0, 0, 0, 0, 0, 0, 0, 0, 0, 0, 0, 0, 0, 0, 0, 0, 0, 0]"
268,0,0,0,0,24,18,"[0, 0, 0, 0, 0, 0, 0, 0, 0, 0, 0, 0, 0, 0, 0, 0, 0, 0]"
269,0,0,0,0,24,18,"[0, 0, 0, 0, 0, 0, 0, 0, 0, 0, 0, 0, 0, 0, 0, 0, 0, 0]"
270,0,0,0,0,24,18,"[0, 0, 0, 0, 0, 0, 0, 0, 0, 0, 0, 0, 0, 0, 0, 0, 0, 0]"
271,0,0,0,0,24,18,"[0, 0, 0, 0, 0, 0, 0, 0, 0, 0, 0, 0, 0, 0, 0, 0, 0, 0]"
272,0,0,0,0,24,18,"[0, 0, 0, 0, 0, 0, 0, 0, 0, 0, 0, 0, 0, 0, 0, 0, 0, 0]"
273,0,0,0,0,24,18,"[0, 0, 0, 0, 0, 0, 0, 0, 0, 0, 0, 0, 0, 0, 0, 0, 0, 0]"
274,0,0,0,0,24,18,"[0, 0, 0, 0, 0, 0, 0, 0, 0, 0, 0, 0, 0, 0, 0, 0, 0, 0]"
275,0,0,0,0,24,18,"[0, 0, 0, 0, 0, 0, 0, 0, 0, 0, 0, 0, 0, 0, 0, 0, 0, 0]"
276,0,0,0,0,24,18,"[0, 0, 0, 0, 0, 0, 0, 0, 0, 0, 0, 0, 0, 0, 0, 0, 0, 0]"
277,0,0,0,0,24,18,"[0, 0, 0, 0, 0, 0, 0, 0, 0, 0, 0, 0, 0, 0, 0, 0, 0, 0]"
278,1,1,1,0,24,18,"[0, 0, 0, 0, 0, 0, 0, 0, 0, 0, 0, 0, 0, 0, 0, 1, 0, 0]"
279,0,0,0,0,24,18,"[0, 0, 0, 0, 0, 0, 0, 0, 0, 0, 0, 0, 0, 0, 0, 0, 0, 0]"
280,0,0,0,0,24,18,"[0, 0, 0, 0, 0, 0, 0, 0, 0, 0, 0, 0, 0, 0, 0, 0, 0, 0]"
281,0,0,0,0,24,18,"[0, 0, 0, 0, 0, 0, 0, 0, 0, 0, 0, 0, 0, 0, 0, 0, 0, 0]"
282,0,0,0,0,24,18,"[0, 0, 0, 0, 0, 0, 0, 0, 0, 0, 0, 0, 0, 0, 0, 0, 0, 0]"
283,0,0,0,0,24,18,"[0, 0, 0, 0, 0, 0, 0, 0, 0, 0, 0, 0, 0, 0, 0, 0, 0, 0]"
284,0,0,0,0,24,18,"[0, 0, 0, 0, 0, 0, 0, 0, 0, 0, 0, 0, 0, 0, 0, 0, 0, 0]"
285,0,0,0,0,24,18,"[0, 0, 0, 0, 0, 0, 0, 0, 0, 0, 0, 0, 0, 0, 0, 0, 0, 0]"
286,0,0,0,0,24,18,"[0, 0, 0, 0, 0, 0, 0, 0, 0, 0, 0, 0, 0, 0, 0, 0, 0, 0]"
287,1,1,1,0,24,18,"[0, 0, 0, 0, 0, 0, 0, 0, 0, 0, 0, 0, 0, 0, 0, 1, 0, 0]"
288,0,0,0,0,24,18,"[0, 0, 0, 0, 0, 0, 0, 0, 0, 0, 0, 0, 0, 0, 0, 0, 0, 0]"
289,0,0,0,0,24,18,"[0, 0, 0, 0, 0, 0, 0, 0, 0, 0, 0, 0, 0, 0, 0, 0, 0, 0]"
290,0,0,0,0,24,18,"[0, 0, 0, 0, 0, 0, 0, 0, 0, 0, 0, 0, 0, 0, 0, 0, 0, 0]"
291,0,0,0,0,24,18,"[0, 0, 0, 0, 0, 0, 0, 0, 0, 0, 0, 0, 0, 0, 0, 0, 0, 0]"
292,0,0,0,0,24,18,"[0, 0, 0, 0, 0, 0, 0, 0, 0, 0, 0, 0, 0, 0, 0, 0, 0, 0]"
293,0,0,0,0,24,18,"[0, 0, 0, 0, 0, 0, 0, 0, 0, 0, 0, 0, 0, 0, 0, 0, 0, 0]"
294,0,0,0,0,24,18,"[0, 0, 0, 0, 0, 0, 0, 0, 0, 0, 0, 0, 0, 0, 0, 0, 0, 0]"
295,0,0,0,0,24,18,"[0, 0, 0, 0, 0, 0, 0, 0, 0, 0, 0, 0, 0, 0, 0, 0, 0, 0]"
296,0,0,0,0,24,18,"[0, 0, 0, 0, 0, 0, 0, 0, 0, 0, 0, 0, 0, 0, 0, 0, 0, 0]"
297,0,0,0,0,24,18,"[0, 0, 0, 0, 0, 0, 0, 0, 0, 0, 0, 0, 0, 0, 0, 0, 0, 0]"
298,0,0,0,0,24,18,"[0, 0, 0, 0, 0, 0, 0, 0, 0, 0, 0, 0, 0, 0, 0, 0, 0, 0]"
299,0,0,0,0,24,18,"[0, 0, 0, 0, 0, 0, 0, 0, 0, 0, 0, 0, 0, 0, 0, 0, 0, 0]"
300,0,0,0,0,24,18,"[0, 0, 0, 0, 0, 0, 0, 0, 0, 0, 0, 0, 0, 0, 0, 0, 0, 0]"
301,0,0,0,0,24,18,"[0, 0, 0, 0, 0, 0, 0, 0, 0, 0, 0, 0, 0, 0, 0, 0, 0, 0]"
302,0,0,0,0,24,18,"[0, 0, 0, 0, 0, 0, 0, 0, 0, 0, 0, 0, 0, 0, 0, 0, 0, 0]"
303,0,0,0,0,24,18,"[0, 0, 0, 0, 0, 0, 0, 0, 0, 0, 0, 0, 0, 0, 0, 0, 0, 0]"
304,0,0,0,0,24,18,"[0, 0, 0, 0, 0, 0, 0, 0, 0, 0, 0, 0, 0, 0, 0, 0, 0, 0]"
305,0,0,0,0,24,18,"[0, 0, 0, 0, 0, 0, 0, 0, 0, 0, 0, 0, 0, 0, 0, 0, 0, 0]"
306,0,0,0,0,24,18,"[0, 0, 0, 0, 0, 0, 0, 0, 0, 0, 0, 0, 0, 0, 0, 0, 0, 0]"
307,0,0,0,0,24,18,"[0, 0, 0, 0, 0, 0, 0, 0, 0, 0, 0, 0, 0, 0, 0, 0, 0, 0]"
308,0,0,0,0,24,18,"[0, 0, 0, 0, 0, 0, 0, 0, 0, 0, 0, 0, 0, 0, 0, 0, 0, 0]"
309,0,0,0,0,24,18,"[0, 0, 0, 0, 0, 0, 0, 0, 0, 0, 0, 0, 0, 0, 0, 0, 0, 0]"
310,0,0,0,0,24,18,"[0, 0, 0, 0, 0, 0, 0, 0, 0, 0, 0, 0, 0, 0, 0, 0, 0, 0]"
311,0,0,0,0,24,18,"[0, 0, 0, 0, 0, 0, 0, 0, 0, 0, 0, 0, 0, 0, 0, 0, 0, 0]"
312,0,0,0,0,24,18,"[0, 0, 0, 0, 0, 0, 0, 0, 0, 0, 0, 0, 0, 0, 0, 0, 0, 0]"
313,0,0,0,0,24,18,"[0, 0, 0, 0, 0, 0, 0, 0, 0, 0, 0, 0, 0, 0, 0, 0, 0, 0]"
314,0,0,0,0,24,18,"[0, 0, 0, 0, 0, 0, 0, 0, 0, 0, 0, 0, 0, 0, 0, 0, 0, 0]"
315,0,0,0,0,24,18,"[0, 0, 0, 0, 0, 0, 0, 0, 0, 0, 0, 0, 0, 0, 0, 0, 0, 0]"
316,0,0,0,0,24,18,"[0, 0, 0, 0, 0, 0, 0, 0, 0, 0, 0, 0, 0, 0, 0, 0, 0, 0]"
317,0,0,0,0,24,18,"[0, 0, 0, 0, 0, 0, 0, 0, 0, 0, 0, 0, 0, 0, 0, 0, 0, 0]"
318,0,0,0,0,24,18,"[0, 0, 0, 0, 0, 0, 0, 0, 0, 0, 0, 0, 0, 0, 0, 0, 0, 0]"
319,0,0,0,0,24,18,"[0, 0, 0, 0, 0, 0, 0, 0, 0, 0, 0, 0, 0, 0, 0, 0, 0, 0]"
320,0,0,0,0,24,18,"[0, 0, 0, 0, 0, 0, 0, 0, 0, 0, 0, 0, 0, 0, 0, 0, 0, 0]"
321,0,0,0,0,24,18,"[0, 0, 0, 0, 0, 0, 0, 0, 0, 0, 0, 0, 0, 0, 0, 0, 0, 0]"
322,0,0,0,0,24,18,"[0, 0, 0, 0, 0, 0, 0, 0, 0, 0, 0, 0, 0, 0, 0, 0, 0, 0]"
323,0,0,0,0,24,18,"[0, 0, 0, 0, 0, 0, 0, 0, 0, 0, 0, 0, 0, 0, 0, 0, 0, 0]"
324,0,0,0,0,24,18,"[0, 0, 0, 0, 0, 0, 0, 0, 0, 0, 0, 0, 0, 0, 0, 0, 0, 0]"
325,0,0,0,0,24,18,"[0, 0, 0, 0, 0, 0, 0, 0, 0, 0, 0, 0, 0, 0, 0, 0, 0, 0]"
326,0,0,0,0,24,18,"[0, 0, 0, 0, 0, 0, 0, 0, 0, 0, 0, 0, 0, 0, 0, 0, 0, 0]"
327,0,0,0,0,24,18,"[0, 0, 0, 0, 0, 0, 0, 0, 0, 0, 0, 0, 0, 0, 0, 0, 0, 0]"
328,0,0,0,0,24,18,"[0, 0, 0, 0, 0, 0, 0, 0, 0, 0, 0, 0, 0, 0, 0, 0, 0, 0]"
329,0,0,0,0,24,18,"[0, 0, 0, 0, 0, 0, 0, 0, 0, 0, 0, 0, 0, 0, 0, 0, 0, 0]"
330,0,0,0,0,24,18,"[0, 0, 0, 0, 0, 0, 0, 0, 0, 0, 0, 0, 0, 0, 0, 0, 0, 0]"
331,0,0,0,0,24,18,"[0, 0, 0, 0, 0, 0, 0, 0, 0, 0, 0, 0, 0, 0, 0, 0, 0, 0]"
332,0,0,0,0,24,18,"[0, 0, 0, 0, 0, 0, 0, 0, 0, 0, 0, 0, 0, 0, 0, 0, 0, 0]"
333,0,0,0,0,24,18,"[0, 0, 0, 0, 0, 0, 0, 0, 0, 0, 0, 0, 0, 0, 0, 0, 0, 0]"
334,0,0,0,0,24,18,"[0, 0, 0, 0, 0, 0, 0, 0, 0, 0, 0, 0, 0, 0, 0, 0, 0, 0]"
335,0,0,0,0,24,18,"[0, 0, 0, 0, 0, 0, 0, 0, 0, 0, 0, 0, 0, 0, 0, 0, 0, 0]"
336,0,0,0,0,24,18,"[0, 0, 0, 0, 0, 0, 0, 0, 0, 0, 0, 0, 0, 0, 0, 0, 0, 0]"
337,0,0,0,0,24,18,"[0, 0, 0, 0, 0, 0, 0, 0, 0, 0, 0, 0, 0, 0, 0, 0, 0, 0]"
338,0,0,0,0,24,18,"[0, 0, 0, 0, 0, 0, 0, 0, 0, 0, 0, 0, 0, 0, 0, 0, 0, 0]"
339,0,0,0,0,24,18,"[0, 0, 0, 0, 0, 0, 0, 0, 0, 0, 0, 0, 0, 0, 0, 0, 0, 0]"
340,0,0,0,0,24,18,"[0, 0, 0, 0, 0, 0, 0, 0, 0, 0, 0, 0, 0, 0, 0, 0, 0, 0]"
341,0,0,0,0,24,18,"[0, 0, 0, 0, 0, 0, 0, 0, 0, 0, 0, 0, 0, 0, 0, 0, 0, 0]"
342,0,0,0,0,24,18,"[0, 0, 0, 0, 0, 0, 0, 0, 0, 0, 0, 0, 0, 0, 0, 0, 0, 0]"
343,0,0,0,0,24,18,"[0, 0, 0, 0, 0, 0, 0, 0, 0, 0, 0, 0, 0, 0, 0, 0, 0, 0]"
344,0,0,0,0,24,18,"[0, 0, 0, 0, 0, 0, 0, 0, 0, 0, 0, 0, 0, 0, 0, 0, 0, 0]"
345,0,0,0,0,24,18,"[0, 0, 0, 0, 0, 0, 0, 0, 0, 0, 0, 0, 0, 0, 0, 0, 0, 0]"
346,0,0,0,0,24,18,"[0, 0, 0, 0, 0, 0, 0, 0, 0, 0, 0, 0, 0, 0, 0, 0, 0, 0]"
347,0,0,0,0,24,18,"[0, 0, 0, 0, 0, 0, 0, 0, 0, 0, 0, 0, 0, 0, 0, 0, 0, 0]"
348,0,0,0,0,24,18,"[0, 0, 0, 0, 0, 0, 0, 0, 0, 0, 0, 0, 0, 0, 0, 0, 0, 0]"
349,0,0,0,0,24,18,"[0, 0, 0, 0, 0, 0, 0, 0, 0, 0, 0, 0, 0, 0, 0, 0, 0, 0]"
350,0,0,0,0,24,18,"[0, 0, 0, 0, 0, 0, 0, 0, 0, 0, 0, 0, 0, 0, 0, 0, 0, 0]"
351,0,0,0,0,24,18,"[0, 0, 0, 0, 0, 0, 0, 0, 0, 0, 0, 0, 0, 0, 0, 0, 0, 0]"
352,0,0,0,0,24,18,"[0, 0, 0, 0, 0, 0, 0, 0, 0, 0, 0, 0, 0, 0, 0, 0, 0, 0]"
353,0,0,0,0,24,18,"[0, 0, 0, 0, 0, 0, 0, 0, 0, 0, 0, 0, 0, 0, 0, 0, 0, 0]"
354,0,0,0,0,24,18,"[0, 0, 0, 0, 0, 0, 0, 0, 0, 0, 0, 0, 0, 0, 0, 0, 0, 0]"
355,0,0,0,0,24,18,"[0, 0, 0, 0, 0, 0, 0, 0, 0, 0, 0, 0, 0, 0, 0, 0, 0, 0]"
356,0,0,0,0,24,18,"[0, 0, 0, 0, 0, 0, 0, 0, 0, 0, 0, 0, 0, 0, 0, 0, 0, 0]"
357,0,0,0,0,24,18,"[0, 0, 0, 0, 0, 0, 0, 0, 0, 0, 0, 0, 0, 0, 0, 0, 0, 0]"
358,0,0,0,0,24,18,"[0, 0, 0, 0, 0, 0, 0, 0, 0, 0, 0, 0, 0, 0, 0, 0, 0, 0]"
359,0,0,0,0,24,18,"[0, 0, 0, 0, 0, 0, 0, 0, 0, 0, 0, 0, 0, 0, 0, 0, 0, 0]"
360,0,0,0,0,24,18,"[0, 0, 0, 0, 0, 0, 0, 0, 0, 0, 0, 0, 0, 0, 0, 0, 0, 0]"
361,0,0,0,0,24,18,"[0, 0, 0, 0, 0, 0, 0, 0, 0, 0, 0, 0, 0, 0, 0, 0, 0, 0]"
362,0,0,0,0,24,18,"[0, 0, 0, 0, 0, 0, 0, 0, 0, 0, 0, 0, 0, 0, 0, 0, 0, 0]"
363,0,0,0,0,24,18,"[0, 0, 0, 0, 0, 0, 0, 0, 0, 0, 0, 0, 0, 0, 0, 0, 0, 0]"
364,0,0,0,0,24,18,"[0, 0, 0, 0, 0, 0, 0, 0, 0, 0, 0, 0, 0, 0, 0, 0, 0, 0]"
365,0,0,0,0,24,18,"[0, 0, 0, 0, 0, 0, 0, 0, 0, 0, 0, 0, 0, 0, 0, 0, 0, 0]"
366,0,0,0,0,24,18,"[0, 0, 0, 0, 0, 0, 0, 0, 0, 0, 0, 0, 0, 0, 0, 0, 0, 0]"
367,0,0,0,0,24,18,"[0, 0, 0, 0, 0, 0, 0, 0, 0, 0, 0, 0, 0, 0, 0, 0, 0, 0]"
368,0,0,0,0,24,18,"[0, 0, 0, 0, 0, 0, 0, 0, 0, 0, 0, 0, 0, 0, 0, 0, 0, 0]"
369,0,0,0,0,24,18,"[0, 0, 0, 0, 0, 0, 0, 0, 0, 0, 0, 0, 0, 0, 0, 0, 0, 0]"
370,0,0,0,0,24,18,"[0, 0, 0, 0, 0, 0, 0, 0, 0, 0, 0, 0, 0, 0, 0, 0, 0, 0]"
371,0,0,0,0,24,18,"[0, 0, 0, 0, 0, 0, 0, 0, 0, 0, 0, 0, 0, 0, 0, 0, 0, 0]"
372,0,0,0,0,24,18,"[0, 0, 0, 0, 0, 0, 0, 0, 0, 0, 0, 0, 0, 0, 0, 0, 0, 0]"
373,0,0,0,0,24,18,"[0, 0, 0, 0, 0, 0, 0, 0, 0, 0, 0, 0, 0, 0, 0, 0, 0, 0]"
374,0,0,0,0,24,18,"[0, 0, 0, 0, 0, 0, 0, 0, 0, 0, 0, 0, 0, 0, 0, 0, 0, 0]"
375,0,0,0,0,24,18,"[0, 0, 0, 0, 0, 0, 0, 0, 0, 0, 0, 0, 0, 0, 0, 0, 0, 0]"
376,0,0,0,0,24,18,"[0, 0, 0, 0, 0, 0, 0, 0, 0, 0, 0, 0, 0, 0, 0, 0, 0, 0]"
377,0,0,0,0,24,18,"[0, 0, 0, 0, 0, 0, 0, 0, 0, 0, 0, 0, 0, 0, 0, 0, 0, 0]"
378,0,0,0,0,24,18,"[0, 0, 0, 0, 0, 0, 0, 0, 0, 0, 0, 0, 0, 0, 0, 0, 0, 0]"
379,0,0,0,0,24,18,"[0, 0, 0, 0, 0, 0, 0, 0, 0, 0, 0, 0, 0, 0, 0, 0, 0, 0]"
380,0,0,0,0,24,18,"[0, 0, 0, 0, 0, 0, 0, 0, 0, 0, 0, 0, 0, 0, 0, 0, 0, 0]"
381,0,0,0,0,24,18,"[0, 0, 0, 0, 0, 0, 0, 0, 0, 0, 0, 0, 0, 0, 0, 0, 0, 0]"
382,0,0,0,0,24,18,"[0, 0, 0, 0, 0, 0, 0, 0, 0, 0, 0, 0, 0, 0, 0, 0, 0, 0]"
383,0,0,0,0,24,18,"[0, 0, 0, 0, 0, 0, 0, 0, 0, 0, 0, 0, 0, 0, 0, 0, 0, 0]"
384,0,0,0,0,24,18,"[0, 0, 0, 0, 0, 0, 0, 0, 0, 0, 0, 0, 0, 0, 0, 0, 0, 0]"
385,0,0,0,0,24,18,"[0, 0, 0, 0, 0, 0, 0, 0, 0, 0, 0, 0, 0, 0, 0, 0, 0, 0]"
386,0,0,0,0,24,18,"[0, 0, 0, 0, 0, 0, 0, 0, 0, 0, 0, 0, 0, 0, 0, 0, 0, 0]"
387,0,0,0,0,24,18,"[0, 0, 0, 0, 0, 0, 0, 0, 0, 0, 0, 0, 0, 0, 0, 0, 0, 0]"
388,0,0,0,0,24,18,"[0, 0, 0, 0, 0, 0, 0, 0, 0, 0, 0, 0, 0, 0, 0, 0, 0, 0]"
389,0,0,0,0,24,18,"[0, 0, 0, 0, 0, 0, 0, 0, 0, 0, 0, 0, 0, 0, 0, 0, 0, 0]"
390,0,0,0,0,24,18,"[0, 0, 0, 0, 0, 0, 0, 0, 0, 0, 0, 0, 0, 0, 0, 0, 0, 0]"
391,0,0,0,0,24,18,"[0, 0, 0, 0, 0, 0, 0, 0, 0, 0, 0, 0, 0, 0, 0, 0, 0, 0]"
392,0,0,0,0,24,18,"[0, 0, 0, 0, 0, 0, 0, 0, 0, 0, 0, 0, 0, 0, 0, 0, 0, 0]"
393,0,0,0,0,24,18,"[0, 0, 0, 0, 0, 0, 0, 0, 0, 0, 0, 0, 0, 0, 0, 0, 0, 0]"
394,0,0,0,0,24,18,"[0, 0, 0, 0, 0, 0, 0, 0, 0, 0, 0, 0, 0, 0, 0, 0, 0, 0]"
395,0,0,0,0,24,18,"[0, 0, 0, 0, 0, 0, 0, 0, 0, 0, 0, 0, 0, 0, 0, 0, 0, 0]"
396,0,0,0,0,24,18,"[0, 0, 0, 0, 0, 0, 0, 0, 0, 0, 0, 0, 0, 0, 0, 0, 0, 0]"
397,0,0,0,0,24,18,"[0, 0, 0, 0, 0, 0, 0, 0, 0, 0, 0, 0, 0, 0, 0, 0, 0, 0]"
398,0,0,0,0,24,18,"[0, 0, 0, 0, 0, 0, 0, 0, 0, 0, 0, 0, 0, 0, 0, 0, 0, 0]"
399,0,0,0,0,24,18,"[0, 0, 0, 0, 0, 0, 0, 0, 0, 0, 0, 0, 0, 0, 0, 0, 0, 0]"
400,0,0,0,0,24,18,"[0, 0, 0, 0, 0, 0, 0, 0, 0, 0, 0, 0, 0, 0, 0, 0, 0, 0]"
401,0,0,0,0,24,18,"[0, 0, 0, 0, 0, 0, 0, 0, 0, 0, 0, 0, 0, 0, 0, 0, 0, 0]"
402,0,0,0,0,24,18,"[0, 0, 0, 0, 0, 0, 0, 0, 0, 0, 0, 0, 0, 0, 0, 0, 0, 0]"
403,0,0,0,0,24,18,"[0, 0, 0, 0, 0, 0, 0, 0, 0, 0, 0, 0, 0, 0, 0, 0, 0, 0]"
404,0,0,0,0,24,18,"[0, 0, 0, 0, 0, 0, 0, 0, 0, 0, 0, 0, 0, 0, 0, 0, 0, 0]"
405,0,0,0,0,24,18,"[0, 0, 0, 0, 0, 0, 0, 0, 0, 0, 0, 0, 0, 0, 0, 0, 0, 0]"
406,0,0,0,0,24,18,"[0, 0, 0, 0, 0, 0, 0, 0, 0, 0, 0, 0, 0, 0, 0, 0, 0, 0]"
407,0,0,0,0,24,18,"[0, 0, 0, 0, 0, 0, 0, 0, 0, 0, 0, 0, 0, 0, 0, 0, 0, 0]"
408,0,0,0,0,24,18,"[0, 0, 0, 0, 0, 0, 0, 0, 0, 0, 0, 0, 0, 0, 0, 0, 0, 0]"
409,0,0,0,0,24,18,"[0, 0, 0, 0, 0, 0, 0, 0, 0, 0, 0, 0, 0, 0, 0, 0, 0, 0]"
410,0,0,0,0,24,18,"[0, 0, 0, 0, 0, 0, 0, 0, 0, 0, 0, 0, 0, 0, 0, 0, 0, 0]"
411,0,0,0,0,24,18,"[0, 0, 0, 0, 0, 0, 0, 0, 0, 0, 0, 0, 0, 0, 0, 0, 0, 0]"
412,0,0,0,0,24,18,"[0, 0, 0, 0, 0, 0, 0, 0, 0, 0, 0, 0, 0, 0, 0, 0, 0, 0]"
413,0,0,0,0,24,18,"[0, 0, 0, 0, 0, 0, 0, 0, 0, 0, 0, 0, 0, 0, 0, 0, 0, 0]"
414,0,0,0,0,24,18,"[0, 0, 0, 0, 0, 0, 0, 0, 0, 0, 0, 0, 0, 0, 0, 0, 0, 0]"
415,0,0,0,0,24,18,"[0, 0, 0, 0, 0, 0, 0, 0, 0, 0, 0, 0, 0, 0, 0, 0, 0, 0]"
416,0,0,0,0,24,18,"[0, 0, 0, 0, 0, 0, 0, 0, 0, 0, 0, 0, 0, 0, 0, 0, 0, 0]"
417,0,0,0,0,24,18,"[0, 0, 0, 0, 0, 0, 0, 0, 0, 0, 0, 0, 0, 0, 0, 0, 0, 0]"
418,0,0,0,0,24,18,"[0, 0, 0, 0, 0, 0, 0, 0, 0, 0, 0, 0, 0, 0, 0, 0, 0, 0]"
419,0,0,0,0,24,18,"[0, 0, 0, 0, 0, 0, 0, 0, 0, 0, 0, 0, 0, 0, 0, 0, 0, 0]"
420,0,0,0,0,24,18,"[0, 0, 0, 0, 0, 0, 0, 0, 0, 0, 0, 0, 0, 0, 0, 0, 0, 0]"
421,0,0,0,0,24,18,"[0, 0, 0, 0, 0, 0, 0, 0, 0, 0, 0, 0, 0, 0, 0, 0, 0, 0]"
422,0,0,0,0,24,18,"[0, 0, 0, 0, 0, 0, 0, 0, 0, 0, 0, 0, 0, 0, 0, 0, 0, 0]"
423,0,0,0,0,24,18,"[0, 0, 0, 0, 0, 0, 0, 0, 0, 0, 0, 0, 0, 0, 0, 0, 0, 0]"
424,0,0,0,0,24,18,"[0, 0, 0, 0, 0, 0, 0, 0, 0, 0, 0, 0, 0, 0, 0, 0, 0, 0]"
425,0,0,0,0,24,18,"[0, 0, 0, 0, 0, 0, 0, 0, 0, 0, 0, 0, 0, 0, 0, 0, 0, 0]"
426,0,0,0,0,24,18,"[0, 0, 0, 0, 0, 0, 0, 0, 0, 0, 0, 0, 0, 0, 0, 0, 0, 0]"
427,0,0,0,0,24,18,"[0, 0, 0, 0, 0, 0, 0, 0, 0, 0, 0, 0, 0, 0, 0, 0, 0, 0]"
428,0,0,0,0,24,18,"[0, 0, 0, 0, 0, 0, 0, 0, 0, 0, 0, 0, 0, 0, 0, 0, 0, 0]"
429,0,0,0,0,24,18,"[0, 0, 0, 0, 0, 0, 0, 0, 0, 0, 0, 0, 0, 0, 0, 0, 0, 0]"
430,0,0,0,0,24,18,"[0, 0, 0, 0, 0, 0, 0, 0, 0, 0, 0, 0, 0, 0, 0, 0, 0, 0]"
431,0,0,0,0,24,18,"[0, 0, 0, 0, 0, 0, 0, 0, 0, 0, 0, 0, 0, 0, 0, 0, 0, 0]"
432,0,0,0,0,24,18,"[0, 0, 0, 0, 0, 0, 0, 0, 0, 0, 0, 0, 0, 0, 0, 0, 0, 0]"
433,0,0,0,0,24,18,"[0, 0, 0, 0, 0, 0, 0, 0, 0, 0, 0, 0, 0, 0, 0, 0, 0, 0]"
434,0,0,0,0,24,18,"[0, 0, 0, 0, 0, 0, 0, 0, 0, 0, 0, 0, 0, 0, 0, 0, 0, 0]"
435,0,0,0,0,24,18,"[0, 0, 0, 0, 0, 0, 0, 0, 0, 0, 0, 0, 0, 0, 0, 0, 0, 0]"
436,0,0,0,0,24,18,"[0, 0, 0, 0, 0, 0, 0, 0, 0, 0, 0, 0, 0, 0, 0, 0, 0, 0]"
437,0,0,0,0,24,18,"[0, 0, 0, 0, 0, 0, 0, 0, 0, 0, 0, 0, 0, 0, 0, 0, 0, 0]"
438,0,0,0,0,24,18,"[0, 0, 0, 0, 0, 0, 0, 0, 0, 0, 0, 0, 0, 0, 0, 0, 0, 0]"
439,0,0,0,0,24,18,"[0, 0, 0, 0, 0, 0, 0, 0, 0, 0, 0, 0, 0, 0, 0, 0, 0, 0]"
440,0,0,0,0,24,18,"[0, 0, 0, 0, 0, 0, 0, 0, 0, 0, 0, 0, 0, 0, 0, 0, 0, 0]"
441,0,0,0,0,24,18,"[0, 0, 0, 0, 0, 0, 0, 0, 0, 0, 0, 0, 0, 0, 0, 0, 0, 0]"
442,0,0,0,0,24,18,"[0, 0, 0, 0, 0, 0, 0, 0, 0, 0, 0, 0, 0, 0, 0, 0, 0, 0]"
443,0,0,0,0,24,18,"[0, 0, 0, 0, 0, 0, 0, 0, 0, 0, 0, 0, 0, 0, 0, 0, 0, 0]"
444,0,0,0,0,24,18,"[0, 0, 0, 0, 0, 0, 0, 0, 0, 0, 0, 0, 0, 0, 0, 0, 0, 0]"
445,0,0,0,0,24,18,"[0, 0, 0, 0, 0, 0, 0, 0, 0, 0, 0, 0, 0, 0, 0, 0, 0, 0]"
446,0,0,0,0,24,18,"[0, 0, 0, 0, 0, 0, 0, 0, 0, 0, 0, 0, 0, 0, 0, 0, 0, 0]"
447,0,0,0,0,24,18,"[0, 0, 0, 0, 0, 0, 0, 0, 0, 0, 0, 0, 0, 0, 0, 0, 0, 0]"
448,0,0,0,0,24,18,"[0, 0, 0, 0, 0, 0, 0, 0, 0, 0, 0, 0, 0, 0, 0, 0, 0, 0]"
449,0,0,0,0,24,18,"[0, 0, 0, 0, 0, 0, 0, 0, 0, 0, 0, 0, 0, 0, 0, 0, 0, 0]"
450,0,0,0,0,24,18,"[0, 0, 0, 0, 0, 0, 0, 0, 0, 0, 0, 0, 0, 0, 0, 0, 0, 0]"
451,0,0,0,0,24,18,"[0, 0, 0, 0, 0, 0, 0, 0, 0, 0, 0, 0, 0, 0, 0, 0, 0, 0]"
452,0,0,0,0,24,18,"[0, 0, 0, 0, 0, 0, 0, 0, 0, 0, 0, 0, 0, 0, 0, 0, 0, 0]"
453,0,0,0,0,24,18,"[0, 0, 0, 0, 0, 0, 0, 0, 0, 0, 0, 0, 0, 0, 0, 0, 0, 0]"
454,0,0,0,0,24,18,"[0, 0, 0, 0, 0, 0, 0, 0, 0, 0, 0, 0, 0, 0, 0, 0, 0, 0]"
455,0,0,0,0,24,18,"[0, 0, 0, 0, 0, 0, 0, 0, 0, 0, 0, 0, 0, 0, 0, 0, 0, 0]"
456,0,0,0,0,24,18,"[0, 0, 0, 0, 0, 0, 0, 0, 0, 0, 0, 0, 0, 0, 0, 0, 0, 0]"
457,0,0,0,0,24,18,"[0, 0, 0, 0, 0, 0, 0, 0, 0, 0, 0, 0, 0, 0, 0, 0, 0, 0]"
458,0,0,0,0,24,18,"[0, 0, 0, 0, 0, 0, 0, 0, 0, 0, 0, 0, 0, 0, 0, 0, 0, 0]"
459,0,0,0,0,24,18,"[0, 0, 0, 0, 0, 0, 0, 0, 0, 0, 0, 0, 0, 0, 0, 0, 0, 0]"
460,0,0,0,0,24,18,"[0, 0, 0, 0, 0, 0, 0, 0, 0, 0, 0, 0, 0, 0, 0, 0, 0, 0]"
461,0,0,0,0,24,18,"[0, 0, 0, 0, 0, 0, 0, 0, 0, 0, 0, 0, 0, 0, 0, 0, 0, 0]"
462,0,0,0,0,24,18,"[0, 0, 0, 0, 0, 0, 0, 0, 0, 0, 0, 0, 0, 0, 0, 0, 0, 0]"
463,0,0,0,0,24,18,"[0, 0, 0, 0, 0, 0, 0, 0, 0, 0, 0, 0, 0, 0, 0, 0, 0, 0]"
464,0,0,0,0,24,18,"[0, 0, 0, 0, 0, 0, 0, 0, 0, 0, 0, 0, 0, 0, 0, 0, 0, 0]"
465,0,0,0,0,24,18,"[0, 0, 0, 0, 0, 0, 0, 0, 0, 0, 0, 0, 0, 0, 0, 0, 0, 0]"
466,0,0,0,0,24,18,"[0, 0, 0, 0, 0, 0, 0, 0, 0, 0, 0, 0, 0, 0, 0, 0, 0, 0]"
467,0,0,0,0,24,18,"[0, 0, 0, 0, 0, 0, 0, 0, 0, 0, 0, 0, 0, 0, 0, 0, 0, 0]"
468,0,0,0,0,24,18,"[0, 0, 0, 0, 0, 0, 0, 0, 0, 0, 0, 0, 0, 0, 0, 0, 0, 0]"
469,0,0,0,0,24,18,"[0, 0, 0, 0, 0, 0, 0, 0, 0, 0, 0, 0, 0, 0, 0, 0, 0, 0]"
470,0,0,0,0,24,18,"[0, 0, 0, 0, 0, 0, 0, 0, 0, 0, 0, 0, 0, 0, 0, 0, 0, 0]"
471,0,0,0,0,24,18,"[0, 0, 0, 0, 0, 0, 0, 0, 0, 0, 0, 0, 0, 0, 0, 0, 0, 0]"
472,0,0,0,0,24,18,"[0, 0, 0, 0, 0, 0, 0, 0, 0, 0, 0, 0, 0, 0, 0, 0, 0, 0]"
473,0,0,0,0,24,18,"[0, 0, 0, 0, 0, 0, 0, 0, 0, 0, 0, 0, 0, 0, 0, 0, 0, 0]"
474,0,0,0,0,24,18,"[0, 0, 0, 0, 0, 0, 0, 0, 0, 0, 0, 0, 0, 0, 0, 0, 0, 0]"
475,0,0,0,0,24,18,"[0, 0, 0, 0, 0, 0, 0, 0, 0, 0, 0, 0, 0, 0, 0, 0, 0, 0]"
476,0,0,0,0,24,18,"[0, 0, 0, 0, 0, 0, 0, 0, 0, 0, 0, 0, 0, 0, 0, 0, 0, 0]"
477,0,0,0,0,24,18,"[0, 0, 0, 0, 0, 0, 0, 0, 0, 0, 0, 0, 0, 0, 0, 0, 0, 0]"
478,0,0,0,0,24,18,"[0, 0, 0, 0, 0, 0, 0, 0, 0, 0, 0, 0, 0, 0, 0, 0, 0, 0]"
479,0,0,0,0,24,18,"[0, 0, 0, 0, 0, 0, 0, 0, 0, 0, 0, 0, 0, 0, 0, 0, 0, 0]"
480,0,0,0,0,24,18,"[0, 0, 0, 0, 0, 0, 0, 0, 0, 0, 0, 0, 0, 0, 0, 0, 0, 0]"
481,0,0,0,0,24,18,"[0, 0, 0, 0, 0, 0, 0, 0, 0, 0, 0, 0, 0, 0, 0, 0, 0, 0]"
482,0,0,0,0,24,18,"[0, 0, 0, 0, 0, 0, 0, 0, 0, 0, 0, 0, 0, 0, 0, 0, 0, 0]"
483,0,0,0,0,24,18,"[0, 0, 0, 0, 0, 0, 0, 0, 0, 0, 0, 0, 0, 0, 0, 0, 0, 0]"
484,0,0,0,0,24,18,"[0, 0, 0, 0, 0, 0, 0, 0, 0, 0, 0, 0, 0, 0, 0, 0, 0, 0]"
485,0,0,0,0,24,18,"[0, 0, 0, 0, 0, 0, 0, 0, 0, 0, 0, 0, 0, 0, 0, 0, 0, 0]"
486,0,0,0,0,24,18,"[0, 0, 0, 0, 0, 0, 0, 0, 0, 0, 0, 0, 0, 0, 0, 0, 0, 0]"
487,0,0,0,0,24,18,"[0, 0, 0, 0, 0, 0, 0, 0, 0, 0, 0, 0, 0, 0, 0, 0, 0, 0]"
488,0,0,0,0,24,18,"[0, 0, 0, 0, 0, 0, 0, 0, 0, 0, 0, 0, 0, 0, 0, 0, 0, 0]"
489,0,0,0,0,24,18,"[0, 0, 0, 0, 0, 0, 0, 0, 0, 0, 0, 0, 0, 0, 0, 0, 0, 0]"
490,0,0,0,0,24,18,"[0, 0, 0, 0, 0, 0, 0, 0, 0, 0, 0, 0, 0, 0, 0, 0, 0, 0]"
491,0,0,0,0,24,18,"[0, 0, 0, 0, 0, 0, 0, 0, 0, 0, 0, 0, 0, 0, 0, 0, 0, 0]"
492,0,0,0,0,24,18,"[0, 0, 0, 0, 0, 0, 0, 0, 0, 0, 0, 0, 0, 0, 0, 0, 0, 0]"
493,0,0,0,0,24,18,"[0, 0, 0, 0, 0, 0, 0, 0, 0, 0, 0, 0, 0, 0, 0, 0, 0, 0]"
494,0,0,0,0,24,18,"[0, 0, 0, 0, 0, 0, 0, 0, 0, 0, 0, 0, 0, 0, 0, 0, 0, 0]"
495,0,0,0,0,24,18,"[0, 0, 0, 0, 0, 0, 0, 0, 0, 0, 0, 0, 0, 0, 0, 0, 0, 0]"
496,0,0,0,0,24,18,"[0, 0, 0, 0, 0, 0, 0, 0, 0, 0, 0, 0, 0, 0, 0, 0, 0, 0]"
497,0,0,0,0,24,18,"[0, 0, 0, 0, 0, 0, 0, 0, 0, 0, 0, 0, 0, 0, 0, 0, 0, 0]"
498,0,0,0,0,24,18,"[0, 0, 0, 0, 0, 0, 0, 0, 0, 0, 0, 0, 0, 0, 0, 0, 0, 0]"
499,0,0,0,0,24,18,"[0, 0, 0, 0, 0, 0, 0, 0, 0, 0, 0, 0, 0, 0, 0, 0, 0, 0]"
500,0,0,0,0,24,18,"[0, 0, 0, 0, 0, 0, 0, 0, 0, 0, 0, 0, 0, 0, 0, 0, 0, 0]"
