generation,count,is_initialized,f_proxy_scalar,g_al_proxy,lam,mu,al_pen_proxy,g_al_min,g_al_max,g_al_std,n_feasible_parents,pen_to_f_ratio,n_proxy_set,proxy_front_only,proxy_g_quantile,proxy_front_min_size
1,0,False,1.0967647273809524,[-3053.0633952424196],[0.0],[0.0],0.0,-3571.81126549272,-2068.4797469646373,380.54652493869554,24,0.0,24,False,,
2,0,False,1.0967647273809524,[-3053.0633952424196],[0.0],[0.0],0.0,-3571.81126549272,-2068.4797469646373,380.54652493869554,24,0.0,24,False,,
3,0,False,1.0580853210714285,[-3024.825952862562],[0.0],[0.0],0.0,-3573.0070860760234,-2068.4797469646373,391.92891710611684,24,0.0,24,False,,
4,0,False,1.0484468198809525,[-3010.617373890207],[0.0],[0.0],0.0,-3573.0070860760234,-2068.4797469646373,386.44759053305626,24,0.0,24,False,,
5,0,False,1.0452176544047618,[-3014.767578169906],[0.0],[0.0],0.0,-3573.0070860760234,-2068.4797469646373,390.75718700352985,24,0.0,24,False,,
6,0,False,1.0351146508333333,[-3049.4694396183863],[0.0],[0.0],0.0,-3573.0070860760234,-2068.4797469646373,389.67983251647127,24,0.0,24,False,,
7,0,False,1.0317679663095236,[-3059.2187038348457],[0.0],[0.0],0.0,-3573.0070860760234,-2068.4797469646373,390.17974816350255,24,0.0,24,False,,
8,0,False,1.0317679663095236,[-3059.2187038348457],[0.0],[0.0],0.0,-3573.0070860760234,-2068.4797469646373,390.17974816350255,24,0.0,24,False,,
9,0,False,1.0248254210714285,[-3072.882959099365],[0.0],[0.0],0.0,-3573.0070860760234,-2068.4797469646373,414.70783424130485,24,0.0,24,False,,
10,0,False,1.0241488210714287,[-3084.744494998796],[0.0],[0.0],0.0,-3573.0070860760234,-2068.4797469646373,420.8908046485927,24,0.0,24,False,,
11,0,False,1.0166013865476191,[-3098.9065250722215],[0.0],[0.0],0.0,-3573.0070860760234,-1979.8843747525086,412.9301115957282,24,0.0,24,False,,
12,0,False,1.0166013865476191,[-3098.9065250722215],[0.0],[0.0],0.0,-3573.0070860760234,-1979.8843747525086,412.9301115957282,24,0.0,24,False,,
13,0,False,1.0166013865476191,[-3098.9065250722215],[0.0],[0.0],0.0,-3573.0070860760234,-1979.8843747525086,412.9301115957282,24,0.0,24,False,,
14,0,False,1.0130105644047618,[-3119.065574543007],[0.0],[0.0],0.0,-3573.0070860760234,-1979.8843747525086,417.8690076849157,24,0.0,24,False,,
15,0,False,1.0096227727380953,[-3059.7573944316086],[0.0],[0.0],0.0,-3571.81126549272,-1979.8843747525086,425.7597204536471,24,0.0,24,False,,
16,0,False,1.0055953752142857,[-3005.5736942597123],[0.0],[0.0],0.0,-3571.81126549272,-1979.8843747525086,442.1122673148216,24,0.0,24,False,,
17,0,False,0.9921630690238095,[-2988.227945020308],[0.0],[0.0],0.0,-3571.81126549272,-1979.8843747525086,453.34670266447733,24,0.0,24,False,,
18,0,False,0.9916380547380953,[-2986.9483250490134],[0.0],[0.0],0.0,-3571.81126549272,-1979.8843747525086,452.74798884969164,24,0.0,24,False,,
19,0,False,0.9881487595,[-2976.754187697768],[0.0],[0.0],0.0,-3571.81126549272,-1979.8843747525086,445.14680703192147,24,0.0,24,False,,
20,0,False,0.9856335380714286,[-3055.802827942515],[0.0],[0.0],0.0,-3571.81126549272,-1979.8843747525086,429.8315184859746,24,0.0,24,False,,
21,0,False,0.9856335380714286,[-3055.802827942515],[0.0],[0.0],0.0,-3571.81126549272,-1979.8843747525086,429.8315184859746,24,0.0,24,False,,
22,0,False,0.9846766749761905,[-2999.860343548336],[0.0],[0.0],0.0,-3571.81126549272,-1841.5867111102925,492.30948357027285,24,0.0,24,False,,
23,0,False,0.9846766749761905,[-2999.860343548336],[0.0],[0.0],0.0,-3571.81126549272,-1841.5867111102925,492.30948357027285,24,0.0,24,False,,
24,0,False,0.9847504511666667,[-3017.7890121866353],[0.0],[0.0],0.0,-3571.81126549272,-1841.5867111102925,487.618958966347,24,0.0,24,False,,
25,0,False,0.9842185297380953,[-3000.1520580827187],[0.0],[0.0],0.0,-3571.81126549272,-1841.5867111102925,503.0993247017961,24,0.0,24,False,,
26,0,False,0.9842185297380953,[-3000.1520580827187],[0.0],[0.0],0.0,-3571.81126549272,-1841.5867111102925,503.0993247017961,24,0.0,24,False,,
27,0,False,0.9803379814047619,[-2980.9423227908665],[0.0],[0.0],0.0,-3571.81126549272,-1841.5867111102925,493.6575504934302,24,0.0,24,False,,
28,0,False,0.9695811290238096,[-2948.5276934914514],[0.0],[0.0],0.0,-3571.81126549272,-1841.5867111102925,514.0680673872891,24,0.0,24,False,,
29,0,False,0.9695811290238096,[-2948.5276934914514],[0.0],[0.0],0.0,-3571.81126549272,-1841.5867111102925,514.0680673872891,24,0.0,24,False,,
30,0,False,0.9695811290238096,[-2948.5276934914514],[0.0],[0.0],0.0,-3571.81126549272,-1841.5867111102925,514.0680673872891,24,0.0,24,False,,
31,0,False,0.9695811290238096,[-2948.5276934914514],[0.0],[0.0],0.0,-3571.81126549272,-1841.5867111102925,514.0680673872891,24,0.0,24,False,,
32,0,False,0.9695811290238096,[-2948.5276934914514],[0.0],[0.0],0.0,-3571.81126549272,-1841.5867111102925,514.0680673872891,24,0.0,24,False,,
33,0,False,0.9695444302142856,[-3008.693321061834],[0.0],[0.0],0.0,-3571.81126549272,-1841.5867111102925,489.2859810994973,24,0.0,24,False,,
34,0,False,0.9639745099761905,[-3041.3797337219717],[0.0],[0.0],0.0,-3571.81126549272,-1841.5867111102925,466.93582854041216,24,0.0,24,False,,
35,0,False,0.9642962945,[-3038.3289475790098],[0.0],[0.0],0.0,-3571.81126549272,-1841.5867111102925,465.61762137699753,24,0.0,24,False,,
36,0,False,0.9642962945,[-3038.3289475790098],[0.0],[0.0],0.0,-3571.81126549272,-1841.5867111102925,465.61762137699753,24,0.0,24,False,,
37,0,False,0.9608649016428572,[-2951.4976051582653],[0.0],[0.0],0.0,-3571.81126549272,-1841.5867111102925,525.3570207752582,24,0.0,24,False,,
38,0,False,0.9608649016428572,[-2951.4976051582653],[0.0],[0.0],0.0,-3571.81126549272,-1841.5867111102925,525.3570207752582,24,0.0,24,False,,
39,0,False,0.9608649016428572,[-2951.4976051582653],[0.0],[0.0],0.0,-3571.81126549272,-1841.5867111102925,525.3570207752582,24,0.0,24,False,,
40,0,False,0.9608649016428572,[-2951.4976051582653],[0.0],[0.0],0.0,-3571.81126549272,-1841.5867111102925,525.3570207752582,24,0.0,24,False,,
41,0,False,0.9543506206904762,[-2931.7411955197554],[0.0],[0.0],0.0,-3571.81126549272,-1841.5867111102925,546.5191875321102,24,0.0,24,False,,
42,0,False,0.9543506206904762,[-2931.7411955197554],[0.0],[0.0],0.0,-3571.81126549272,-1841.5867111102925,546.5191875321102,24,0.0,24,False,,
43,0,False,0.9543506206904762,[-2931.7411955197554],[0.0],[0.0],0.0,-3571.81126549272,-1841.5867111102925,546.5191875321102,24,0.0,24,False,,
44,0,False,0.9509296028333333,[-2935.4614726019577],[0.0],[0.0],0.0,-3571.81126549272,-1841.5867111102925,548.0621552667322,24,0.0,24,False,,
45,0,False,0.9509296028333333,[-2935.4614726019577],[0.0],[0.0],0.0,-3571.81126549272,-1841.5867111102925,548.0621552667322,24,0.0,24,False,,
46,0,False,0.9500195859285713,[-2912.2708575857],[0.0],[0.0],0.0,-3571.81126549272,-1841.5867111102925,568.6480645355035,24,0.0,24,False,,
47,0,False,0.9500195859285713,[-2912.2708575857],[0.0],[0.0],0.0,-3571.81126549272,-1841.5867111102925,568.6480645355035,24,0.0,24,False,,
48,0,False,0.9491943067619047,[-2972.613008596191],[0.0],[0.0],0.0,-3571.81126549272,-1979.8843747525086,527.155462586546,24,0.0,24,False,,
49,0,False,0.9444309031904762,[-2977.1022983243474],[0.0],[0.0],0.0,-3571.81126549272,-1979.8843747525086,528.0871527022258,24,0.0,24,False,,
50,0,False,0.9444309031904762,[-2977.1022983243474],[0.0],[0.0],0.0,-3571.81126549272,-1979.8843747525086,528.0871527022258,24,0.0,24,False,,
51,0,False,0.9449156131904762,[-2953.467291702098],[0.0],[0.0],0.0,-3571.81126549272,-1979.8843747525086,519.1604523564723,24,0.0,24,False,,
52,0,False,0.9413578858095238,[-2897.89885552062],[0.0],[0.0],0.0,-3571.81126549272,-1979.8843747525086,508.0359172213308,24,0.0,24,False,,
53,0,False,0.9413578858095238,[-2897.89885552062],[0.0],[0.0],0.0,-3571.81126549272,-1979.8843747525086,508.0359172213308,24,0.0,24,False,,
54,0,False,0.9413578858095238,[-2897.89885552062],[0.0],[0.0],0.0,-3571.81126549272,-1979.8843747525086,508.0359172213308,24,0.0,24,False,,
55,0,False,0.9413578858095238,[-2897.89885552062],[0.0],[0.0],0.0,-3571.81126549272,-1979.8843747525086,508.0359172213308,24,0.0,24,False,,
56,0,False,0.9413578858095238,[-2897.89885552062],[0.0],[0.0],0.0,-3571.81126549272,-1979.8843747525086,508.0359172213308,24,0.0,24,False,,
57,0,False,0.9402412415238096,[-2933.427303942962],[0.0],[0.0],0.0,-3571.81126549272,-1979.8843747525086,483.78771799188837,24,0.0,24,False,,
58,0,False,0.9402412415238096,[-2933.427303942962],[0.0],[0.0],0.0,-3571.81126549272,-1979.8843747525086,483.78771799188837,24,0.0,24,False,,
59,0,False,0.941853670095238,[-2989.536838774442],[0.0],[0.0],0.0,-3571.81126549272,-1979.8843747525086,463.22706817114647,24,0.0,24,False,,
60,0,False,0.941853670095238,[-2989.536838774442],[0.0],[0.0],0.0,-3571.81126549272,-1979.8843747525086,463.22706817114647,24,0.0,24,False,,
61,0,False,0.941853670095238,[-2989.536838774442],[0.0],[0.0],0.0,-3571.81126549272,-1979.8843747525086,463.22706817114647,24,0.0,24,False,,
62,0,False,0.941853670095238,[-2989.536838774442],[0.0],[0.0],0.0,-3571.81126549272,-1979.8843747525086,463.22706817114647,24,0.0,24,False,,
63,0,False,0.941853670095238,[-2989.536838774442],[0.0],[0.0],0.0,-3571.81126549272,-1979.8843747525086,463.22706817114647,24,0.0,24,False,,
64,0,False,0.941853670095238,[-2989.536838774442],[0.0],[0.0],0.0,-3571.81126549272,-1979.8843747525086,463.22706817114647,24,0.0,24,False,,
65,0,False,0.9400163761666667,[-3002.131389619746],[0.0],[0.0],0.0,-3571.81126549272,-1979.8843747525086,465.13525154158935,24,0.0,24,False,,
66,0,False,0.9400163761666667,[-3002.131389619746],[0.0],[0.0],0.0,-3571.81126549272,-1979.8843747525086,465.13525154158935,24,0.0,24,False,,
67,0,False,0.9400163761666667,[-3002.131389619746],[0.0],[0.0],0.0,-3571.81126549272,-1979.8843747525086,465.13525154158935,24,0.0,24,False,,
68,0,False,0.9400163761666667,[-3002.131389619746],[0.0],[0.0],0.0,-3571.81126549272,-1979.8843747525086,465.13525154158935,24,0.0,24,False,,
69,0,False,0.9400163761666667,[-3002.131389619746],[0.0],[0.0],0.0,-3571.81126549272,-1979.8843747525086,465.13525154158935,24,0.0,24,False,,
70,0,False,0.9400163761666667,[-3002.131389619746],[0.0],[0.0],0.0,-3571.81126549272,-1979.8843747525086,465.13525154158935,24,0.0,24,False,,
71,0,False,0.9386534915238096,[-3003.541767359846],[0.0],[0.0],0.0,-3571.81126549272,-1979.8843747525086,464.5972796088196,24,0.0,24,False,,
72,0,False,0.9386534915238096,[-3003.541767359846],[0.0],[0.0],0.0,-3571.81126549272,-1979.8843747525086,464.5972796088196,24,0.0,24,False,,
73,0,False,0.9386534915238096,[-3003.541767359846],[0.0],[0.0],0.0,-3571.81126549272,-1979.8843747525086,464.5972796088196,24,0.0,24,False,,
74,0,False,0.9386534915238096,[-3003.541767359846],[0.0],[0.0],0.0,-3571.81126549272,-1979.8843747525086,464.5972796088196,24,0.0,24,False,,
75,0,False,0.9386534915238096,[-3003.541767359846],[0.0],[0.0],0.0,-3571.81126549272,-1979.8843747525086,464.5972796088196,24,0.0,24,False,,
76,0,False,0.9394389843809524,[-3001.3932411876212],[0.0],[0.0],0.0,-3571.81126549272,-1979.8843747525086,467.98363824042593,24,0.0,24,False,,
77,0,False,0.9394389843809524,[-3001.3932411876212],[0.0],[0.0],0.0,-3571.81126549272,-1979.8843747525086,467.98363824042593,24,0.0,24,False,,
78,0,False,0.9382176605714285,[-2983.5560552477923],[0.0],[0.0],0.0,-3571.81126549272,-1979.8843747525086,481.66058830912016,24,0.0,24,False,,
79,0,False,0.9382176605714285,[-2983.5560552477923],[0.0],[0.0],0.0,-3571.81126549272,-1979.8843747525086,481.66058830912016,24,0.0,24,False,,
80,0,False,0.9382176605714285,[-2983.5560552477923],[0.0],[0.0],0.0,-3571.81126549272,-1979.8843747525086,481.66058830912016,24,0.0,24,False,,
81,0,False,0.9382176605714285,[-2983.5560552477923],[0.0],[0.0],0.0,-3571.81126549272,-1979.8843747525086,481.66058830912016,24,0.0,24,False,,
82,0,False,0.9382176605714285,[-2983.5560552477923],[0.0],[0.0],0.0,-3571.81126549272,-1979.8843747525086,481.66058830912016,24,0.0,24,False,,
83,0,False,0.9380010633095238,[-2928.9746736121742],[0.0],[0.0],0.0,-3571.81126549272,-1979.8451761072295,516.8042133064981,24,0.0,24,False,,
84,0,False,0.9380010633095238,[-2928.9746736121742],[0.0],[0.0],0.0,-3571.81126549272,-1979.8451761072295,516.8042133064981,24,0.0,24,False,,
85,0,False,0.9323079430714286,[-2925.2738056182893],[0.0],[0.0],0.0,-3571.81126549272,-1979.8451761072295,515.2066801970338,24,0.0,24,False,,
86,0,False,0.9323079430714286,[-2925.2738056182893],[0.0],[0.0],0.0,-3571.81126549272,-1979.8451761072295,515.2066801970338,24,0.0,24,False,,
87,0,False,0.9323079430714286,[-2925.2738056182893],[0.0],[0.0],0.0,-3571.81126549272,-1979.8451761072295,515.2066801970338,24,0.0,24,False,,
88,0,False,0.9312794703333332,[-2870.6385248199767],[0.0],[0.0],0.0,-3571.81126549272,-1979.8451761072295,525.7991955908723,24,0.0,24,False,,
89,0,False,0.9312794703333332,[-2870.6385248199767],[0.0],[0.0],0.0,-3571.81126549272,-1979.8451761072295,525.7991955908723,24,0.0,24,False,,
90,0,False,0.9312794703333332,[-2870.6385248199767],[0.0],[0.0],0.0,-3571.81126549272,-1979.8451761072295,525.7991955908723,24,0.0,24,False,,
91,0,False,0.9311909572380953,[-2871.9919391005096],[0.0],[0.0],0.0,-3571.81126549272,-1979.8451761072295,526.699732462674,24,0.0,24,False,,
92,0,False,0.928897869142857,[-2933.667085412168],[0.0],[0.0],0.0,-3571.81126549272,-1979.8451761072295,504.83544203179235,24,0.0,24,False,,
93,0,False,0.9216786536666667,[-2961.5750312944583],[0.0],[0.0],0.0,-3497.114880223814,-1979.8451761072295,475.7954913443759,24,0.0,24,False,,
94,0,False,0.9216786536666667,[-2961.5750312944583],[0.0],[0.0],0.0,-3497.114880223814,-1979.8451761072295,475.7954913443759,24,0.0,24,False,,
95,0,False,0.9216786536666667,[-2961.5750312944583],[0.0],[0.0],0.0,-3497.114880223814,-1979.8451761072295,475.7954913443759,24,0.0,24,False,,
96,0,False,0.9216786536666667,[-2961.5750312944583],[0.0],[0.0],0.0,-3497.114880223814,-1979.8451761072295,475.7954913443759,24,0.0,24,False,,
97,0,False,0.9216786536666667,[-2961.5750312944583],[0.0],[0.0],0.0,-3497.114880223814,-1979.8451761072295,475.7954913443759,24,0.0,24,False,,
98,0,False,0.9216786536666667,[-2961.5750312944583],[0.0],[0.0],0.0,-3497.114880223814,-1979.8451761072295,475.7954913443759,24,0.0,24,False,,
99,0,False,0.9216786536666667,[-2961.5750312944583],[0.0],[0.0],0.0,-3497.114880223814,-1979.8451761072295,475.7954913443759,24,0.0,24,False,,
100,0,False,0.9216786536666667,[-2961.5750312944583],[0.0],[0.0],0.0,-3497.114880223814,-1979.8451761072295,475.7954913443759,24,0.0,24,False,,
101,0,False,0.9186950896190474,[-2957.918687417501],[0.0],[0.0],0.0,-3497.114880223814,-1979.8451761072295,475.79609692683886,24,0.0,24,False,,
102,0,False,0.9186950896190474,[-2934.6853540841676],[0.0],[0.0],0.0,-3473.8815468904804,-1956.611842773896,475.79609692683886,24,0.0,24,False,,
103,0,False,0.9186950896190474,[-2911.4520207508344],[0.0],[0.0],0.0,-3450.6482135571478,-1933.3785094405632,475.79609692683886,24,0.0,24,False,,
104,0,False,0.9186950896190474,[-2888.218687417501],[0.0],[0.0],0.0,-3427.4148802238137,-1910.1451761072292,475.79609692683886,24,0.0,24,False,,
105,0,False,0.9186950896190474,[-2864.9853540841673],[0.0],[0.0],0.0,-3404.1815468904806,-1886.911842773896,475.79609692683886,24,0.0,24,False,,
106,0,False,0.9184958443809523,[-2826.75284299442],[0.0],[0.0],0.0,-3380.9482135571475,-1863.678509440563,494.3620206052983,24,0.0,24,False,,
107,0,False,0.9184958443809523,[-2803.5195096610864],[0.0],[0.0],0.0,-3357.714880223814,-1840.4451761072294,494.3620206052983,24,0.0,24,False,,
108,0,False,0.9190863479523809,[-2809.777262830173],[0.0],[0.0],0.0,-3334.481546890481,-1817.2118427738963,467.7702335446853,24,0.0,24,False,,
109,0,False,0.9168413443809523,[-2776.6976244453303],[0.0],[0.0],0.0,-3311.2482135571477,-1793.9785094405631,459.79518454485134,24,0.0,24,False,,
110,0,False,0.9164898455714287,[-2745.0094379473685],[0.0],[0.0],0.0,-3288.0148802238136,-1770.745176107229,463.12992876419594,24,0.0,24,False,,
111,0,False,0.9135962515238094,[-2743.892943913577],[0.0],[0.0],0.0,-3264.7815468904805,-1747.511842773896,461.9441629709045,24,0.0,24,False,,
112,0,False,0.9124977036666665,[-2821.3796348376745],[0.0],[0.0],0.0,-3241.5482135571474,-1874.9033150112987,407.1359127749777,24,0.0,24,False,,
113,0,False,0.9078626452142857,[-2757.01107642954],[0.0],[0.0],0.0,-3218.3148802238143,-1851.6699816779656,398.162028641862,24,0.0,24,False,,
114,0,False,0.9078626452142857,[-2733.7777430962064],[0.0],[0.0],0.0,-3195.0815468904807,-1828.436648344632,398.162028641862,24,0.0,24,False,,
115,0,False,0.9078191130714286,[-2709.1170257151525],[0.0],[0.0],0.0,-3171.848213557147,-1805.2033150112984,398.4982292562,24,0.0,24,False,,
116,0,False,0.9078191130714286,[-2685.8836923818194],[0.0],[0.0],0.0,-3148.614880223814,-1781.9699816779653,398.4982292562,24,0.0,24,False,,
117,0,False,0.904791157952381,[-2665.917215647342],[0.0],[0.0],0.0,-3125.3815468904804,-1758.7366483446317,397.90206317285407,24,0.0,24,False,,
118,0,False,0.9035611317619047,[-2635.8642809775283],[0.0],[0.0],0.0,-3070.094650068565,-1735.503315011299,391.3169877188162,24,0.0,24,False,,
119,0,False,0.9035611317619047,[-2612.6309476441947],[0.0],[0.0],0.0,-3046.8613167352314,-1712.2699816779655,391.3169877188162,24,0.0,24,False,,
120,0,False,0.8979529705714286,[-2586.386906171878],[0.0],[0.0],0.0,-3023.6279834018974,-1689.0366483446314,391.5609736337964,24,0.0,24,False,,
121,0,False,0.8979529705714286,[-2563.1535728385447],[0.0],[0.0],0.0,-3000.3946500685647,-1665.8033150112988,391.5609736337964,24,0.0,24,False,,
122,0,False,0.8979529705714286,[-2539.920239505211],[0.0],[0.0],0.0,-2977.161316735231,-1642.5699816779652,391.5609736337964,24,0.0,24,False,,
123,0,False,0.8979529705714286,[-2516.6869061718776],[0.0],[0.0],0.0,-2953.9279834018976,-1619.3366483446316,391.5609736337964,24,0.0,24,False,,
124,0,False,0.900014026642857,[-2472.581257846389],[0.0],[0.0],0.0,-2930.694650068565,-1596.103315011299,418.94919695247677,24,0.0,24,False,,
125,0,False,0.8925278183095239,[-2414.8498076137316],[0.0],[0.0],0.0,-2907.4613167352313,-1572.8699816779654,414.277974898037,24,0.0,24,False,,
126,0,False,0.8925278183095239,[-2391.616474280398],[0.0],[0.0],0.0,-2884.2279834018977,-1549.6366483446318,414.277974898037,24,0.0,24,False,,
127,0,False,0.8908442873571428,[-2367.4450130190685],[0.0],[0.0],0.0,-2860.9946500685646,-1526.4033150112987,413.4841763714145,24,0.0,24,False,,
128,0,False,0.8902019456904761,[-2336.3473968375056],[0.0],[0.0],0.0,-2837.7613167352315,-1503.1699816779656,409.95425204285806,24,0.0,24,False,,
129,0,False,0.8910744325952381,[-2311.2786839815203],[0.0],[0.0],0.0,-2814.527983401898,-1479.936648344632,408.8201788462784,24,0.0,24,False,,
130,0,False,0.8910744325952381,[-2288.045350648187],[0.0],[0.0],0.0,-2791.294650068565,-1456.7033150112989,408.8201788462784,24,0.0,24,False,,
131,0,False,0.8918634452142857,[-2266.3938828899536],[0.0],[0.0],0.0,-2768.0613167352312,-1433.4699816779653,409.2625532669683,24,0.0,24,False,,
132,0,False,0.8876494606904762,[-2232.3044718504166],[0.0],[0.0],0.0,-2744.8279834018977,-1410.2366483446317,401.88187441081584,24,0.0,24,False,,
133,0,False,0.8819683222380951,[-2212.4184869946253],[0.0],[0.0],0.0,-2721.5946500685645,-1387.0033150112986,400.6746004426441,24,0.0,24,False,,
134,0,False,0.8819683222380951,[-2189.1851536612926],[0.0],[0.0],0.0,-2698.3613167352314,-1363.7699816779655,400.6746004426441,24,0.0,24,False,,
135,0,False,0.8768470734285714,[-2163.082692354129],[0.0],[0.0],0.0,-2675.127983401898,-1340.5366483446319,399.2055040538001,24,0.0,24,False,,
136,0,False,0.8732782278333332,[-2182.505134381109],[0.0],[0.0],0.0,-2651.8946500685647,-1317.3033150112988,363.28406375423805,24,0.0,24,False,,
137,0,False,0.8732782278333332,[-2159.2718010477756],[0.0],[0.0],0.0,-2628.661316735231,-1294.0699816779652,363.28406375423805,24,0.0,24,False,,
138,0,False,0.8726928504523809,[-2138.829822904828],[0.0],[0.0],0.0,-2605.4279834018976,-1270.8366483446316,365.9433166378988,24,0.0,24,False,,
139,0,False,0.8720514331904763,[-2128.3739231647464],[0.0],[0.0],0.0,-2582.1946500685644,-1247.6033150112985,374.3814415198378,24,0.0,24,False,,
140,0,False,0.8671761129523811,[-2105.9262351224675],[0.0],[0.0],0.0,-2558.9613167352313,-1224.3699816779654,374.6206586553568,24,0.0,24,False,,
141,0,False,0.8671761129523811,[-2082.692901789134],[0.0],[0.0],0.0,-2535.7279834018977,-1201.1366483446318,374.6206586553568,24,0.0,24,False,,
142,0,False,0.8671761129523811,[-2059.459568455801],[0.0],[0.0],0.0,-2512.4946500685646,-1177.9033150112987,374.62065865535686,24,0.0,24,False,,
143,0,False,0.8688652197380952,[-1981.7287781882558],[0.0],[0.0],0.0,-2489.261316735231,-1154.669981677965,401.43848287811517,24,0.0,24,False,,
144,0,False,0.8641884947380953,[-1956.7896533500225],[0.0],[0.0],0.0,-2466.027983401898,-1131.436648344632,400.63878379050254,24,0.0,24,False,,
145,0,False,0.8623658661666666,[-1920.914957185695],[0.0],[0.0],0.0,-2442.794650068565,-1108.2033150112989,400.5044600610912,24,0.0,24,False,,
146,0,False,0.8616925562857144,[-1884.557665103439],[0.0],[0.0],0.0,-2419.5613167352312,-1084.9699816779653,390.26355799691356,24,0.0,24,False,,
147,0,False,0.8614804816428573,[-1821.4039049130517],[0.0],[0.0],0.0,-2396.3279834018977,-1059.7867066828385,420.0715188633021,24,0.0,24,False,,
148,0,False,0.8614804816428573,[-1798.1705715797186],[0.0],[0.0],0.0,-2373.0946500685645,-1036.5533733495054,420.0715188633021,24,0.0,24,False,,
149,0,False,0.8604476922380954,[-1828.891046327518],[0.0],[0.0],0.0,-2349.861316735231,-1013.3200400161718,401.79535409929366,24,0.0,24,False,,
150,0,False,0.8604476922380954,[-1805.6577129941852],[0.0],[0.0],0.0,-2326.627983401898,-990.0867066828387,401.7953540992936,24,0.0,24,False,,
151,0,False,0.8604476922380954,[-1782.4243796608523],[0.0],[0.0],0.0,-2303.394650068565,-966.853373349506,401.79535409929366,24,0.0,24,False,,
152,0,False,0.855605827952381,[-1748.697215476289],[0.0],[0.0],0.0,-2280.161316735231,-943.620040016172,393.8197019516787,24,0.0,24,False,,
153,0,False,0.855605827952381,[-1725.4638821429555],[0.0],[0.0],0.0,-2256.9279834018976,-920.3867066828384,393.8197019516787,24,0.0,24,False,,
154,0,False,0.855605827952381,[-1702.2305488096233],[0.0],[0.0],0.0,-2233.694650068565,-897.1533733495057,393.8197019516787,24,0.0,24,False,,
155,0,False,0.8548807185476192,[-1685.6848817882349],[0.0],[0.0],0.0,-2210.4613167352313,-873.9200400161722,394.78078868250066,24,0.0,24,False,,
156,0,False,0.8548807185476192,[-1662.4515484549013],[0.0],[0.0],0.0,-2187.2279834018977,-850.6867066828386,394.78078868250066,24,0.0,24,False,,
157,0,False,0.8487549180714286,[-1665.775288560005],[0.0],[0.0],0.0,-2163.994650068565,-827.4533733495059,349.4461622922634,24,0.0,24,False,,
158,0,False,0.8373421061666667,[-1692.6763477376553],[0.0],[0.0],0.0,-2140.761316735231,-804.2200400161719,304.7642213519691,24,0.0,24,False,,
159,0,False,0.8373421061666667,[-1669.4430144043217],[0.0],[0.0],0.0,-2117.5279834018975,-780.9867066828383,304.7642213519691,24,0.0,24,False,,
160,0,False,0.8361451436666668,[-1687.3725884870018],[0.0],[0.0],0.0,-2094.294650068565,-993.5231006872204,242.29980379697082,24,0.0,24,False,,
161,0,False,0.8361451436666668,[-1664.1392551536683],[0.0],[0.0],0.0,-2071.0613167352312,-970.2897673538869,242.29980379697082,24,0.0,24,False,,
162,0,False,0.8337238412857144,[-1639.3181599347945],[0.0],[0.0],0.0,-2047.8279834018977,-947.0564340205533,242.233502507005,24,0.0,24,False,,
163,0,False,0.8333512436666668,[-1600.7302068544395],[0.0],[0.0],0.0,-1984.8947089584913,-923.8231006872202,227.05643291157813,24,0.0,24,False,,
164,0,False,0.8365949973571429,[-1563.9718015067149],[0.0],[0.0],0.0,-1961.6613756251581,-900.589767353887,213.86937028467764,24,0.0,24,False,,
165,0,False,0.8365949973571429,[-1540.738468173381],[0.0],[0.0],0.0,-1938.428042291824,-877.356434020553,213.86937028467764,24,0.0,24,False,,
166,0,False,0.8348458866428571,[-1517.833580161033],[0.0],[0.0],0.0,-1915.1947089584914,-854.1231006872204,213.980920729934,24,0.0,24,False,,
167,0,False,0.8276479024761905,[-1459.5506925349607],[0.0],[0.0],0.0,-1891.9613756251583,-830.8897673538872,229.876073230353,24,0.0,24,False,,
168,0,False,0.8276479024761905,[-1436.3173592016271],[0.0],[0.0],0.0,-1868.7280422918247,-807.6564340205537,229.876073230353,24,0.0,24,False,,
169,0,False,0.8189350312857142,[-1394.869929094032],[0.0],[0.0],0.0,-1845.4947089584912,-784.4231006872201,241.8416970813711,24,0.0,24,False,,
170,0,False,0.8189350312857142,[-1371.6365957606988],[0.0],[0.0],0.0,-1822.261375625158,-761.189767353887,241.8416970813711,24,0.0,24,False,,
171,0,False,0.8165424074761903,[-1333.0620554213826],[0.0],[0.0],0.0,-1799.0280422918247,-737.9564340205536,242.29790018847112,24,0.0,24,False,,
172,0,False,0.8165424074761903,[-1309.828722088049],[0.0],[0.0],0.0,-1775.7947089584911,-714.72310068722,242.29790018847112,24,0.0,24,False,,
173,0,False,0.8166327114047617,[-1295.3381213268685],[0.0],[0.0],0.0,-1752.561375625158,-691.4897673538869,247.51464387189344,24,0.0,24,False,,
174,0,False,0.8166327114047617,[-1272.1047879935352],[0.0],[0.0],0.0,-1729.3280422918247,-668.2564340205536,247.51464387189344,24,0.0,24,False,,
175,0,False,0.8083316922380952,[-1285.3233884416586],[0.0],[0.0],0.0,-1706.094708958491,-893.4730522025429,216.33528721841242,24,0.0,24,False,,
176,0,False,0.8083316922380952,[-1262.0900551083253],[0.0],[0.0],0.0,-1682.861375625158,-870.2397188692098,216.3352872184124,24,0.0,24,False,,
177,0,False,0.7954219643809523,[-1236.0315740936983],[0.0],[0.0],0.0,-1659.6280422918246,-847.0063855358765,215.19291972301144,24,0.0,24,False,,
178,0,False,0.7958685691428572,[-1210.4319033861086],[0.0],[0.0],0.0,-1636.3947089584913,-823.7730522025431,214.3541313452607,24,0.0,24,False,,
179,0,False,0.7921592456904761,[-1164.0000555082388],[0.0],[0.0],0.0,-1412.9822227955785,-800.5397188692098,197.24101093081953,24,0.0,24,False,,
180,0,False,0.784790695690476,[-1135.5592865195692],[0.0],[0.0],0.0,-1389.7488894622454,-777.3063855358766,193.9147543671915,24,0.0,24,False,,
181,0,False,0.784790695690476,[-1112.3259531862357],[0.0],[0.0],0.0,-1366.5155561289118,-754.0730522025431,193.9147543671915,24,0.0,24,False,,
182,0,False,0.784790695690476,[-1089.0926198529023],[0.0],[0.0],0.0,-1343.2822227955785,-730.8397188692097,193.9147543671915,24,0.0,24,False,,
183,0,False,0.781933034142857,[-1077.2825072326202],[0.0],[0.0],0.0,-1320.0488894622454,-707.6063855358766,191.7386101233808,24,0.0,24,False,,
184,0,False,0.781933034142857,[-1054.0491738992866],[0.0],[0.0],0.0,-1296.8155561289118,-684.373052202543,191.7386101233808,24,0.0,24,False,,
185,0,False,0.781933034142857,[-1030.8158405659533],[0.0],[0.0],0.0,-1273.5822227955784,-661.1397188692097,191.7386101233808,24,0.0,24,False,,
186,0,False,0.781933034142857,[-1007.5825072326203],[0.0],[0.0],0.0,-1250.3488894622453,-637.9063855358766,191.7386101233808,24,0.0,24,False,,
187,0,False,0.781933034142857,[-984.3491738992867],[0.0],[0.0],0.0,-1227.1155561289117,-614.673052202543,191.7386101233808,24,0.0,24,False,,
188,0,False,0.7783519484285714,[-947.1407194437547],[0.0],[0.0],0.0,-1203.8822227955786,-591.4397188692099,193.928545610693,24,0.0,24,False,,
189,0,False,0.7799327962857143,[-926.473890087657],[0.0],[0.0],0.0,-1180.6488894622453,-568.2063855358765,195.10720410865952,24,0.0,24,False,,
190,0,False,0.7782959855714285,[-898.9973368714194],[0.0],[0.0],0.0,-1157.4155561289117,-544.9730522025429,190.7637746222931,24,0.0,24,False,,
191,0,False,0.777328958904762,[-878.2194023895096],[0.0],[0.0],0.0,-1134.1822227955786,-521.7397188692098,192.27177276655289,24,0.0,24,False,,
192,0,False,0.771983233190476,[-836.7222434837469],[0.0],[0.0],0.0,-1110.9488894622452,-498.50638553587646,202.42182136987662,24,0.0,24,False,,
193,0,False,0.7711009998571429,[-807.7904430967274],[0.0],[0.0],0.0,-1087.715556128912,-475.27305220254334,209.0885113182066,24,0.0,24,False,,
194,0,False,0.7691646368809524,[-803.7944052465522],[0.0],[0.0],0.0,-1064.4822227955785,-452.03971886920976,197.49251616424476,24,0.0,24,False,,
195,0,False,0.7687250535476191,[-780.8790117220942],[0.0],[0.0],0.0,-1041.2488894622452,-428.8063855358764,196.95915422761388,24,0.0,24,False,,
196,0,False,0.768630596404762,[-757.5905772160359],[0.0],[0.0],0.0,-1018.0155561289118,-405.57305220254307,197.0504955946017,24,0.0,24,False,,
197,0,False,0.7678546354523809,[-718.0378032396876],[0.0],[0.0],0.0,-994.7822227955785,-382.3397188692097,206.93237030648226,24,0.0,24,False,,
198,0,False,0.7678546354523809,[-694.8044699063548],[0.0],[0.0],0.0,-971.5488894622456,-359.1063855358768,206.93237030648226,24,0.0,24,False,,
199,0,False,0.7678733056904763,[-672.4013269034322],[0.0],[0.0],0.0,-948.3155561289118,-335.873052202543,207.6387588175514,24,0.0,24,False,,
200,0,False,0.7673925578333334,[-655.0778958953597],[0.0],[0.0],0.0,-925.0822227955784,-312.6397188692097,200.44811344520215,24,0.0,24,False,,
201,0,False,0.7673925578333334,[-631.8445625620268],[0.0],[0.0],0.0,-901.8488894622456,-289.4063855358768,200.44811344520215,24,0.0,24,False,,
202,0,False,0.7670177721190478,[-608.1854676274511],[0.0],[0.0],0.0,-878.6155561289117,-266.173052202543,200.01941242268379,24,0.0,24,False,,
203,0,False,0.7722858764047619,[-583.5980641113956],[0.0],[0.0],0.0,-855.3822227955784,-242.93971886920963,198.09425359256804,24,0.0,24,False,,
204,0,False,0.7739344233095239,[-569.4065510651556],[0.0],[0.0],0.0,-832.1488894622455,-217.11492308762695,200.69923167216717,24,0.0,24,False,,
205,0,False,0.7739344233095239,[-546.1732177318218],[0.0],[0.0],0.0,-808.9155561289117,-193.88158975429315,200.69923167216717,24,0.0,24,False,,
206,0,False,0.7739344233095239,[-522.9398843984887],[0.0],[0.0],0.0,-785.6822227955788,-170.64825642096025,200.69923167216714,24,0.0,24,False,,
207,0,False,0.7615394250952382,[-515.5652844414135],[0.0],[0.0],0.0,-661.6808390093477,-147.41492308762668,182.63207455832142,24,0.0,24,False,,
208,0,False,0.7615394250952382,[-492.3319511080799],[0.0],[0.0],0.0,-638.4475056760141,-124.1815897542931,182.63207455832142,24,0.0,24,False,,
209,0,False,0.7604895953333335,[-470.71183536216427],[0.0],[0.0],0.0,-644.976129195044,-100.9482564209602,184.0023648548471,24,0.0,24,False,,
210,0,False,0.7589609560476193,[-447.8478011212444],[0.0],[0.0],0.0,-621.7427958617104,-77.71492308762663,184.28466834818718,24,0.0,24,False,,
211,0,False,0.7588070346190477,[-425.03477133793285],[0.0],[0.0],0.0,-598.5094625283773,-54.48158975429351,184.62410814925164,24,0.0,24,False,,
212,0,False,0.7588070346190477,[-401.80143800459945],[0.0],[0.0],0.0,-575.2761291950438,-31.248256420960047,184.6241081492516,24,0.0,24,False,,
213,0,False,0.7643771214166669,[-378.6312443568627],[0.0],[0.0],0.0,-552.0427958617104,-8.014923087626585,184.65719563777233,24,0.0,24,False,,
214,0,False,0.7640627714166669,[-355.01759881921254],[0.0],[0.0],0.0,-528.8094625283773,15.218410245706536,184.44514154553482,24,0.0,24,False,,
215,1,True,0.7640627714166669,[-331.7842654858791],[1.7704785859125436e-05],[7.077346703926198e-06],-2.214526541024157e-05,-505.5761291950438,38.45174357904,184.44514154553482,24,0.7779991804828194,24,False,,
216,2,True,0.7548010745357144,[-348.5821724250397],[0.0],[7.077346703926198e-06],0.0,-482.3427958617102,25.840689192874038,151.66482642357965,24,0.9496558964628409,24,False,,
217,3,True,0.7530476304880954,[-322.1488851632557],[0.0],[7.077346703926198e-06],0.0,-459.1094625283772,49.074022526207045,156.0143274446794,24,0.8110902676754351,24,False,,
218,4,True,0.7522344792976191,[-295.8226509871587],[0.0],[7.077346703926198e-06],0.0,-435.87612919504375,72.30735585954051,154.5916796463795,24,0.6839412126662656,24,False,,
219,5,True,0.7515627554880954,[-273.283014306918],[0.0],[7.077346703926198e-06],0.0,-412.6427958617106,95.54068919287363,154.78829589297425,24,0.5836885894954554,24,False,,
220,6,True,0.7538739829880954,[-267.2287802583203],[0.0],[7.077346703926198e-06],0.0,-389.40946252837716,111.96530843238929,134.44363839497137,24,0.5581133148504447,24,False,,
221,7,True,0.7530713364404763,[-251.74024737038587],[0.0],[7.077346703926198e-06],0.0,-366.1761291950437,17.533176340203795,123.20128233955626,24,0.4952919096230069,24,False,,
222,8,True,0.7519334673928574,[-224.1220827973834],[0.0],[7.077346703926198e-06],0.0,-342.9427958617106,40.766509673536916,120.99390703946997,24,0.39257733666789296,24,False,,
223,9,True,0.7507750888214287,[-199.66803550160103],[0.0],[7.077346703926198e-06],0.0,-319.7094625283771,63.99984300687038,120.13218097506223,24,0.3115824693182693,24,False,,
224,10,True,0.7517892983452382,[-179.99399623561484],[0.0],[7.077346703926198e-06],0.0,-296.476129195044,87.2331763402035,121.81663334341916,24,0.25320481693747066,24,False,,
225,11,True,0.753077183107143,[-168.76113280382242],[0.0],[7.077346703926198e-06],0.0,-273.2427958617104,109.62194878617447,108.34135067975755,24,0.22258750866338725,24,False,,
226,12,True,0.7550993329880954,[-159.06741140578777],[0.0],[7.077346703926198e-06],0.0,-250.00946252837707,132.3943954764793,92.00273241115346,24,0.19775084685770775,24,False,,
227,13,True,0.755789779297619,[-158.56396392243477],[0.0],[7.077346703926198e-06],0.0,-226.77612919504395,-112.39086238865525,30.79454120223588,24,0.19650106707741305,24,False,,
228,14,True,0.753708100547619,[-136.4225867294784],[0.0],[7.077346703926198e-06],0.0,-203.54279586171037,-89.15752905532167,30.42058716253671,24,0.14545494310486834,24,False,,
229,15,True,0.753637980309524,[-113.16544283827716],[0.0],[7.077346703926198e-06],0.0,-180.30946252837703,-65.92419572198833,30.42129941301029,24,0.10008836140887019,24,False,,
230,16,True,0.7524870160238096,[-90.10468686319632],[0.0],[7.077346703926198e-06],0.0,-157.0761291950439,-42.690862388655205,30.9113338375708,24,0.06345278497268217,24,False,,
231,17,True,0.7519472380476192,[-68.86741134357663],[0.0],[7.077346703926198e-06],0.0,-133.84279586171033,-19.45752905532163,31.766762801111412,24,0.037066658940197554,24,False,,
232,18,True,0.7491772976190477,[-41.99370336080278],[0.0],[7.077346703926198e-06],0.0,-110.60946252837732,3.7758042780113783,32.39722472668967,24,0.013882034395355987,24,False,,
233,19,True,0.7493161170238096,[-18.779728248414603],[0.0],[7.077346703926198e-06],0.0,-87.37612919504386,27.00913761134484,32.374928882328945,24,0.0027762806807181332,24,False,,
234,20,True,0.7569234845238096,[0.16322171590528947],[2.3103533461429574e-07],[7.596161971684272e-06],1.3889590712749432e-07,-64.14279586171034,50.24247094467836,30.65246616185795,24,2.232521495591565e-07,24,False,,
235,21,True,0.7644794407142858,[16.669145143518033],[2.5555340622549743e-05],[8.153009752659419e-06],0.0015586849568168292,-41.307465825468455,63.46337897869779,29.831710326553104,24,0.002495154319822676,24,False,,
236,22,True,0.7789092879166669,[25.84300980993144],[6.769500282623856e-05],[8.750678075946962e-06],0.00467156161007316,-37.901625293605264,79.51785277574169,32.23539846328038,24,0.006436958138946873,24,False,,
237,23,True,0.7856304544642857,[38.11300870693958],[0.00013439793676627693],[9.392159351199246e-06],0.011943841798994895,-14.668291960272086,92.71907171702935,27.680066989851117,24,0.015026737968517957,24,False,,
238,24,True,0.798023831904762,[43.511880302814326],[0.0002161320394611449],[1.0080665351041776e-05],0.018947091266318376,7.355361490419455,77.85876416706242,20.332415570030054,24,0.019919899541395242,24,False,,
239,25,True,0.8284932298809524,[55.99661954389444],[0.000329028675943466],[1.08196432917973e-05],0.03538764611075977,31.092840133367986,81.8834442465585,16.708041610008532,24,0.03681445934004773,24,False,,
240,26,True,0.8364895226190475,[72.86298005081296],[0.0004866989666088938],[8.153009752659422e-06],0.05710455799125203,33.932598368175945,95.03012370444264,15.851294588321993,24,0.04564911265123475,24,False,,
241,27,True,0.8332446530952381,[93.5555530823791],[0.0006392508339481105],[6.143600693135029e-06],0.08669183256001942,57.16593170150941,118.2634570377761,18.370517645797722,24,0.055592822834089006,24,False,,
242,28,True,0.8422581003571429,[111.78173620071499],[0.0007765993043486204],[6.593966341724678e-06],0.12800593942855507,79.0712541159184,141.49679037110917,19.86687758742315,24,0.08576419084061555,24,False,,
243,29,True,0.8445435782142857,[131.83534307459487],[0.0009504628673253412],[7.077346703926203e-06],0.18680871451069866,102.30458744925187,164.73012370444263,21.943149028673393,24,0.1277409171895494,24,False,,
244,30,True,0.8764554282142858,[143.69185356700842],[0.001153854280570044],[7.596161971684278e-06],0.2442197631364884,96.35208508077221,178.50348759220378,24.35750876080646,24,0.15548722703621168,24,False,,
245,31,True,0.867235794404762,[166.5753526016678],[0.0014069209523405817],[8.153009752659426e-06],0.3474705535307237,118.96086732061664,219.23221409368213,29.366844117362678,24,0.224272307825401,24,False,,
246,32,True,0.8664147844047619,[184.69638506013257],[0.0017080872380758221],[8.750678075946969e-06],0.4647324053716367,141.04856202189092,224.97015425887037,31.243415141438497,24,0.2916393282975478,24,False,,
247,33,True,0.9144628129761904,[193.8501877590264],[0.0020473513556840454],[9.392159351199254e-06],0.5733482350509989,154.87784144251805,238.38790038579077,29.64995819530075,24,0.317407803615817,24,False,,
248,34,True,0.9517369721428572,[196.29766996977423],[0.0024160831550090935],[1.0080665351041784e-05],0.6684894998798133,-34.284325088815194,261.12387080495614,54.0642165230103,24,0.3493326532045902,24,False,,
249,35,True,0.9613768452380951,[213.42481396625942],[0.0028463759804495357],[1.0819643291797309e-05],0.8539054581306256,-11.050991755481732,273.4755710291603,51.028029849736036,24,0.4432231760896489,24,False,,
250,36,True,0.9793102908333333,[224.21458488098108],[0.003331560346295661],[1.1612793093030956e-05],1.0388846328143266,12.18234157785136,288.27169665619806,56.451759776242405,24,0.5250299796822958,24,False,,
251,37,True,0.9958336591666667,[212.09074775507358],[0.0038241535404208386],[1.2464085902331597e-05],1.0914003642538157,35.41567491118485,280.69341194564777,73.78677662211948,24,0.504224072228079,24,False,,
252,38,True,1.0082196888095238,[166.96548920777005],[0.004240367980462931],[1.3377783978079454e-05],0.8944645307145197,-98.07356050020735,280.69341194564777,102.0918650480368,24,0.3353955551988048,24,False,,
253,39,True,1.0183472666666666,[125.58520201550884],[0.00457637832114432],[1.4358462029749104e-05],0.6879536642921433,-98.07356050020735,249.8010352636652,106.63340197058636,24,0.20365944532507074,24,False,,
254,40,True,1.01549778,[44.331454405061585],[0.004703684622104046],[1.5411030122594667e-05],0.22366465843084607,-98.07356050020735,197.04050766092269,96.54690708432584,24,0.02777131970941141,24,False,,
255,41,True,1.0136979773809525,[6.294182088286637],[0.004723084588055982],[1.6540758261396483e-05],0.030055599777409844,-98.07356050020735,130.98356531943682,77.99344942767381,24,0.0006026802188322093,24,False,,
256,42,True,1.0124575655952381,[-12.195799164230644],[0.004682739034899966],[1.775330277635536e-05],-0.055789453719134185,-98.07356050020735,105.93667635329211,66.239115659825,24,0.0024354736821717163,24,False,,
257,43,True,1.0132476405952382,[-30.267971867439865],[0.004575267741102193],[1.9054734643243453e-05],-0.12975557654947475,-98.07356050020735,72.49658749656282,54.99585840605935,24,0.01610101674142351,24,False,,
258,44,True,1.0201260108333334,[-40.40612345522718],[0.004421282149021895],[2.045156987960529e-05],-0.161951695348381,-99.48634310705711,59.28659518343966,49.97279204059722,24,0.03079674211994362,24,False,,
259,45,True,1.0299404739285714,[-55.96128404519127],[0.004192382926781361],[2.1950802169196826e-05],-0.20023984893004534,-99.48634310705711,36.6052277664794,40.176639174769186,24,0.06340295373436733,24,False,,
260,46,True,1.0266268536904761,[-55.661634090162295],[0.003948019423115887],[2.355993787800682e-05],-0.18325630648111738,-99.48634310705711,36.6052277664794,40.796275790477615,24,0.06732398245720034,24,False,,
261,47,True,1.027220397142857,[-67.12047259608725],[0.0036317485901746316],[1.775330277635537e-05],-0.20377396611478815,-99.48634310705711,-11.748024337388415,26.29120303786615,24,0.07376883492213315,24,False,,
262,48,True,1.0284932411904761,[-69.18060309102076],[0.00338611175158948],[1.9054734643243463e-05],-0.18865569379734692,-99.48634310705711,-11.748024337388415,23.72148908920626,24,0.08411149374420007,24,False,,
263,49,True,1.0285022102380952,[-72.80608316517015],[0.0031086516325642337],[2.04515698796053e-05],-0.1721246677900389,-99.99964149998777,-34.96532467056295,21.332611496405733,24,0.09998750659101596,24,False,,
264,50,True,1.0277502649999999,[-75.49445893335555],[0.002799855592084531],[2.1950802169196836e-05],-0.1488202357762448,-99.99964149998777,-35.364963503648596,20.441363337984445,24,0.11538897157020236,24,False,,
265,51,True,1.0277502649999999,[-75.49445893335555],[0.0024684228055012027],[2.355993787800683e-05],-0.11921333212636635,-99.99964149998777,-35.364963503648596,20.441363337984445,24,0.12384772916481229,24,False,,
266,52,True,1.0277502649999999,[-75.49445893335555],[0.0021126938529804837],[2.528703363717895e-05],-0.08743605103319009,-99.99964149998777,-35.364963503648596,20.441363337984445,24,0.1329265683761549,24,False,,
267,53,True,1.027750265,[-75.49445893335555],[0.0017308876684868062],[2.528703363717895e-05],-0.059239295599203504,-99.99964149998777,-35.364963503648596,20.441363337984445,24,0.1329265683761549,24,False,,
268,54,True,1.0220339583333333,[-76.07585272132825],[0.0013461411391385465],[2.528703363717895e-05],-0.03583053656038446,-99.99964149998777,-35.364963503648596,20.584831485474027,24,0.13599873397981982,24,False,,
269,55,True,1.0220339583333333,[-76.07585272132825],[0.0009613946097902867],[2.528703363717895e-05],-0.018275761581913474,-99.99964149998777,-35.364963503648596,20.584831485474027,24,0.13599873397981982,24,False,,
270,56,True,1.0220339583333333,[-76.07585272132825],[0.0005766480804420269],[2.528703363717895e-05],-0.0065749706637905775,-99.99964149998777,-35.364963503648596,20.584831485474027,24,0.13599873397981982,24,False,,
271,57,True,1.0220339583333333,[-76.07585272132825],[0.00019190155109376705],[2.528703363717895e-05],-0.0007281638060157628,-99.99964149998777,-35.364963503648596,20.584831485474027,24,0.13599873397981982,24,False,,
272,58,True,1.0220339583333333,[-76.07585272132825],[0.0],[2.528703363717895e-05],0.0,-99.99964149998777,-35.364963503648596,20.584831485474027,24,0.13599873397981982,24,False,,
273,59,True,1.0202076654761905,[-74.45138236678402],[0.0],[2.528703363717895e-05],0.0,-99.99964149998777,-35.364963503648596,22.135295284329015,24,0.13113223159326975,24,False,,
274,60,True,1.0202076654761905,[-74.45138236678402],[0.0],[2.528703363717895e-05],0.0,-99.99964149998777,-35.364963503648596,22.135295284329015,24,0.13113223159326975,24,False,,
275,61,True,1.0182710452380952,[-71.2114499631043],[0.0],[2.528703363717895e-05],0.0,-99.99964149998777,-21.727965418699114,23.857553558982644,24,0.11996749143493361,24,False,,
276,62,True,1.0177942309523809,[-69.60921325007206],[0.0],[2.528703363717895e-05],0.0,-99.99964149998777,-21.727965418699114,23.992715193077984,24,0.11462975673419343,24,False,,
277,63,True,1.0177942309523809,[-69.60921325007206],[0.0],[2.528703363717895e-05],0.0,-99.99964149998777,-21.727965418699114,23.992715193077984,24,0.11462975673419343,24,False,,
278,64,True,1.0137990738095237,[-63.79217879417058],[0.0],[2.528703363717895e-05],0.0,-99.99964149998777,13.501006734704333,29.06965993884558,24,0.0976189585017386,24,False,,
279,65,True,1.0137990738095237,[-63.79217879417058],[0.0],[2.528703363717895e-05],0.0,-99.99964149998777,13.501006734704333,29.06965993884558,24,0.0976189585017386,24,False,,
280,66,True,1.0037342001190477,[-65.97027289397492],[0.0],[2.528703363717895e-05],0.0,-99.99964149998777,13.501006734704333,30.649026756782938,24,0.10454959872322489,24,False,,
281,67,True,0.9996852203571428,[-64.91327088818652],[0.0],[2.528703363717895e-05],0.0,-99.99964149998777,13.501006734704333,31.05104823028541,24,0.10122616772807028,24,False,,
282,68,True,0.9996852203571428,[-64.91327088818652],[0.0],[2.528703363717895e-05],0.0,-99.99964149998777,13.501006734704333,31.05104823028541,24,0.10122616772807028,24,False,,
283,69,True,0.9867329822619046,[-57.424738542999876],[0.0],[2.528703363717895e-05],0.0,-99.99964149998777,117.9966329966569,47.97570366414761,24,0.07921799789103143,24,False,,
284,70,True,0.9737486145238096,[-50.56387817116299],[0.0],[2.528703363717895e-05],0.0,-99.99964149998777,117.9966329966569,51.07370597423996,24,0.06141954030114093,24,False,,
285,71,True,0.9737486145238096,[-50.56387817116299],[0.0],[2.528703363717895e-05],0.0,-99.99964149998777,117.9966329966569,51.07370597423996,24,0.06141954030114093,24,False,,
286,72,True,0.9737486145238096,[-50.56387817116299],[0.0],[2.528703363717895e-05],0.0,-99.99964149998777,117.9966329966569,51.07370597423996,24,0.06141954030114093,24,False,,
287,73,True,0.9737486145238096,[-50.56387817116299],[0.0],[2.528703363717895e-05],0.0,-99.99964149998777,117.9966329966569,51.07370597423996,24,0.06141954030114093,24,False,,
288,74,True,0.9719155884523808,[-48.54947958226984],[0.0],[2.528703363717895e-05],0.0,-99.99964149998777,117.9966329966569,51.60871634180406,24,0.05662327268866111,24,False,,
289,75,True,0.9673571741666667,[-44.77763280526019],[0.0],[2.528703363717895e-05],0.0,-99.99964149998777,117.9966329966569,51.01521728023249,24,0.048166830584562594,24,False,,
290,76,True,0.9567009408333332,[-41.18073546514273],[0.0],[2.528703363717895e-05],0.0,-99.99964149998777,117.9966329966569,50.16690995020671,24,0.04094461852276964,24,False,,
291,77,True,0.9567009408333332,[-41.18073546514273],[0.0],[2.528703363717895e-05],0.0,-99.99964149998777,117.9966329966569,50.16690995020671,24,0.04094461852276964,24,False,,
292,78,True,0.9567009408333332,[-41.18073546514273],[0.0],[2.528703363717895e-05],0.0,-99.99964149998777,117.9966329966569,50.16690995020671,24,0.04094461852276964,24,False,,
293,79,True,0.9567009408333332,[-41.18073546514273],[0.0],[2.528703363717895e-05],0.0,-99.99964149998777,117.9966329966569,50.16690995020671,24,0.04094461852276964,24,False,,
294,80,True,0.9567009408333332,[-41.18073546514273],[0.0],[2.528703363717895e-05],0.0,-99.99964149998777,117.9966329966569,50.16690995020671,24,0.04094461852276964,24,False,,
295,81,True,0.956143876547619,[-39.07207491314737],[0.0],[2.528703363717895e-05],0.0,-99.99964149998777,117.9966329966569,49.242055715484085,24,0.03685883309273679,24,False,,
296,82,True,0.9560700729761904,[-38.01398967148176],[0.0],[2.528703363717895e-05],0.0,-99.48634310705711,117.9966329966569,48.182947748794625,24,0.03488956355322163,24,False,,
297,83,True,0.9515141098809523,[-35.73287100487622],[0.0],[2.528703363717895e-05],0.0,-99.48634310705711,117.9966329966569,48.89174249260266,24,0.03083729186343543,24,False,,
298,84,True,0.9515141098809523,[-35.73287100487622],[0.0],[2.528703363717895e-05],0.0,-99.48634310705711,117.9966329966569,48.89174249260266,24,0.03083729186343543,24,False,,
299,85,True,0.9517414551190476,[-37.891663667710134],[0.0],[2.528703363717895e-05],0.0,-99.48634310705711,117.9966329966569,49.960792976629904,24,0.03467590110353464,24,False,,
300,86,True,0.9514374110714287,[-38.4392763593161],[0.0],[2.528703363717895e-05],0.0,-99.48634310705711,117.9966329966569,50.43003170049718,24,0.035685420165502094,24,False,,
301,87,True,0.9399267205952381,[-41.66278728360091],[0.0],[2.528703363717895e-05],0.0,-99.48634310705711,117.9966329966569,51.56240340921429,24,0.04229684217980041,24,False,,
302,88,True,0.9399267205952381,[-41.66278728360091],[0.0],[2.528703363717895e-05],0.0,-99.48634310705711,117.9966329966569,51.56240340921429,24,0.04229684217980041,24,False,,
303,89,True,0.9365366622619047,[-39.747125206815475],[0.0],[2.528703363717895e-05],0.0,-99.48634310705711,117.9966329966569,54.354726833877784,24,0.0384966330946046,24,False,,
304,90,True,0.9365366622619047,[-39.747125206815475],[0.0],[2.528703363717895e-05],0.0,-99.48634310705711,117.9966329966569,54.354726833877784,24,0.0384966330946046,24,False,,
305,91,True,0.9309106182142858,[-37.22997433950567],[0.0],[2.528703363717895e-05],0.0,-99.48634310705711,117.9966329966569,53.96368342119221,24,0.033994738817871226,24,False,,
306,92,True,0.9309106182142858,[-37.22997433950567],[0.0],[2.528703363717895e-05],0.0,-99.48634310705711,117.9966329966569,53.96368342119221,24,0.033994738817871226,24,False,,
307,93,True,0.9309106182142858,[-37.22997433950567],[0.0],[2.528703363717895e-05],0.0,-99.48634310705711,117.9966329966569,53.96368342119221,24,0.033994738817871226,24,False,,
308,94,True,0.9279216289285714,[-35.58377958294187],[0.0],[2.528703363717895e-05],0.0,-99.48634310705711,117.9966329966569,52.991340206062844,24,0.03150414832993877,24,False,,
309,95,True,0.9279216289285714,[-35.58377958294187],[0.0],[2.528703363717895e-05],0.0,-99.48634310705711,117.9966329966569,52.991340206062844,24,0.03150414832993877,24,False,,
310,96,True,0.9260837729761905,[-35.63321975785592],[0.0],[2.528703363717895e-05],0.0,-99.48634310705711,117.9966329966569,53.03904867616417,24,0.03159175300083564,24,False,,
311,97,True,0.916231526547619,[-36.253061087495176],[0.0],[2.528703363717895e-05],0.0,-99.48634310705711,117.9966329966569,52.964949816502056,24,0.03270039196610883,24,False,,
312,98,True,0.9184950944047618,[-40.60579918739521],[0.0],[2.528703363717895e-05],0.0,-99.48634310705711,117.9966329966569,52.5947599088032,24,0.040911894211541115,24,False,,
313,99,True,0.9161680765476191,[-43.6298128897547],[0.0],[2.528703363717895e-05],0.0,-99.48634310705711,117.9966329966569,48.781748472310205,24,0.04723241629788244,24,False,,
314,100,True,0.9161680765476191,[-43.6298128897547],[0.0],[2.528703363717895e-05],0.0,-99.48634310705711,117.9966329966569,48.781748472310205,24,0.04723241629788244,24,False,,
315,101,True,0.9161680765476191,[-43.6298128897547],[0.0],[2.528703363717895e-05],0.0,-99.48634310705711,117.9966329966569,48.781748472310205,24,0.04723241629788244,24,False,,
316,102,True,0.9157790301190477,[-44.12890925923072],[0.0],[2.528703363717895e-05],0.0,-99.48634310705711,12.41605028299773,36.676411498744265,24,0.04831921263057934,24,False,,
317,103,True,0.9088344086904763,[-40.19265580524262],[0.0],[2.528703363717895e-05],0.0,-99.48634310705711,18.978072449817773,38.140930146840695,24,0.04019360874536361,24,False,,
318,104,True,0.9088344086904763,[-40.19265580524262],[0.0],[2.528703363717895e-05],0.0,-99.48634310705711,18.978072449817773,38.140930146840695,24,0.04019360874536361,24,False,,
319,105,True,0.9088344086904763,[-40.19265580524262],[0.0],[2.528703363717895e-05],0.0,-99.48634310705711,18.978072449817773,38.140930146840695,24,0.04019360874536361,24,False,,
320,106,True,0.9037713146428571,[-36.53179801517032],[0.0],[2.528703363717895e-05],0.0,-87.74830029855639,18.978072449817773,36.45328891615028,24,0.033523322671506026,24,False,,
321,107,True,0.9037713146428571,[-36.53179801517032],[0.0],[2.528703363717895e-05],0.0,-87.74830029855639,18.978072449817773,36.45328891615028,24,0.033523322671506026,24,False,,
322,108,True,0.903504064642857,[-36.4476511192648],[0.0],[2.528703363717895e-05],0.0,-87.74830029855639,18.978072449817773,36.42657399933942,24,0.033369066111356295,24,False,,
323,109,True,0.903504064642857,[-36.4476511192648],[0.0],[2.528703363717895e-05],0.0,-87.74830029855639,18.978072449817773,36.42657399933942,24,0.033369066111356295,24,False,,
324,110,True,0.903504064642857,[-36.4476511192648],[0.0],[2.528703363717895e-05],0.0,-87.74830029855639,18.978072449817773,36.42657399933942,24,0.033369066111356295,24,False,,
325,111,True,0.9022903170238096,[-33.875133309169996],[0.0],[2.528703363717895e-05],0.0,-87.74830029855639,18.978072449817773,34.88781563241962,24,0.028824845468621327,24,False,,
326,112,True,0.9022903170238096,[-33.875133309169996],[0.0],[2.528703363717895e-05],0.0,-87.74830029855639,18.978072449817773,34.88781563241962,24,0.028824845468621327,24,False,,
327,113,True,0.9022903170238096,[-33.875133309169996],[0.0],[2.528703363717895e-05],0.0,-87.74830029855639,18.978072449817773,34.88781563241962,24,0.028824845468621327,24,False,,
328,114,True,0.9032695825,[-36.633781271885844],[0.0],[2.528703363717895e-05],0.0,-87.74830029855639,18.978072449817773,34.27495367504268,24,0.03371075333983258,24,False,,
329,115,True,0.9032695825,[-36.633781271885844],[0.0],[2.528703363717895e-05],0.0,-87.74830029855639,18.978072449817773,34.27495367504268,24,0.03371075333983258,24,False,,
330,116,True,0.9010687491666666,[-33.69529185177396],[0.0],[2.528703363717895e-05],0.0,-87.74830029855639,23.474852019799528,36.2237713883244,24,0.028519598452939925,24,False,,
331,117,True,0.9010687491666666,[-33.69529185177396],[0.0],[2.528703363717895e-05],0.0,-87.74830029855639,23.474852019799528,36.2237713883244,24,0.028519598452939925,24,False,,
332,118,True,0.8962772039285714,[-30.11639427671012],[0.0],[2.528703363717895e-05],0.0,-87.74830029855639,23.474852019799528,35.061421554219955,24,0.022782999998686587,24,False,,
333,119,True,0.8962772039285714,[-30.11639427671012],[0.0],[2.528703363717895e-05],0.0,-87.74830029855639,23.474852019799528,35.061421554219955,24,0.022782999998686587,24,False,,
334,120,True,0.8928712032142857,[-27.40498927891872],[0.0],[2.528703363717895e-05],0.0,-87.74830029855639,23.474852019799528,33.8689755881279,24,0.01886532254232251,24,False,,
335,121,True,0.8928712032142857,[-27.40498927891872],[0.0],[2.528703363717895e-05],0.0,-87.74830029855639,23.474852019799528,33.8689755881279,24,0.01886532254232251,24,False,,
336,122,True,0.8903429332142857,[-29.901487042103838],[0.0],[2.528703363717895e-05],0.0,-87.74830029855639,23.474852019799528,33.936749885856855,24,0.02245900622974057,24,False,,
337,123,True,0.8810252125,[-26.25101325991966],[0.0],[2.528703363717895e-05],0.0,-87.74830029855639,24.193632116278422,34.79792749889743,24,0.017351930196773346,24,False,,
338,124,True,0.8741844889285714,[-24.264827576862597],[0.0],[2.528703363717895e-05],0.0,-87.61889344557903,24.193632116278422,32.28533169766247,24,0.0148255245549053,24,False,,
339,125,True,0.8727302163095237,[-20.145159104733068],[0.0],[2.528703363717895e-05],0.0,-87.61889344557903,36.01055390773399,33.38682543035476,24,0.010218733021333528,24,False,,
340,126,True,0.8668075027380953,[-16.005655594328875],[0.0],[2.528703363717895e-05],0.0,-87.61889344557903,36.01055390773399,32.91508695228506,24,0.006450636720255041,24,False,,
341,127,True,0.8669629254761905,[-15.513797307813263],[0.0],[2.528703363717895e-05],0.0,-87.61889344557903,36.01055390773399,32.329537496658524,24,0.006060268627905564,24,False,,
342,128,True,0.8669629254761905,[-15.513797307813263],[0.0],[2.528703363717895e-05],0.0,-87.61889344557903,36.01055390773399,32.329537496658524,24,0.006060268627905564,24,False,,
343,129,True,0.8653422135714285,[-17.52954440042352],[0.0],[2.528703363717895e-05],0.0,-87.61889344557903,36.01055390773399,32.76980223668779,24,0.007737433095388072,24,False,,
344,130,True,0.8669960976190477,[-19.06851606482623],[0.0],[2.528703363717895e-05],0.0,-87.61889344557903,24.193632116278422,30.516625503494577,24,0.009155655504194617,24,False,,
345,131,True,0.8654079022619049,[-18.490824311300287],[0.0],[2.528703363717895e-05],0.0,-87.61889344557903,24.193632116278422,29.040054253145758,24,0.008609306980585107,24,False,,
346,132,True,0.8570066973809524,[-17.4141888424615],[0.0],[2.528703363717895e-05],0.0,-87.61889344557903,25.869625376207296,29.77023251189485,24,0.008019342289647026,24,False,,
347,133,True,0.8549194199999999,[-15.89136611159366],[0.0],[2.528703363717895e-05],0.0,-87.61889344557903,35.89159452282456,31.47533281679937,24,0.006678127676112435,24,False,,
348,134,True,0.8628523047619048,[-16.922569042683808],[0.0],[2.528703363717895e-05],0.0,-87.61889344557903,35.89159452282456,30.297528805982992,24,0.007572945663841202,24,False,,
349,135,True,0.8628523047619048,[-16.922569042683808],[0.0],[2.528703363717895e-05],0.0,-87.61889344557903,35.89159452282456,30.297528805982992,24,0.007572945663841202,24,False,,
350,136,True,0.8628523047619048,[-16.922569042683808],[0.0],[2.528703363717895e-05],0.0,-87.61889344557903,35.89159452282456,30.297528805982992,24,0.007572945663841202,24,False,,
351,137,True,0.8647696910714285,[-17.925707885918616],[0.0],[2.528703363717895e-05],0.0,-87.61889344557903,35.89159452282456,30.07983028795868,24,0.00849737689233614,24,False,,
352,138,True,0.8596351035714286,[-19.621198650753513],[0.0],[2.528703363717895e-05],0.0,-87.61889344557903,35.89159452282456,31.67601720199724,24,0.010207138089413047,24,False,,
353,139,True,0.8528335588095238,[-17.518965053132984],[0.0],[2.528703363717895e-05],0.0,-87.61889344557903,37.79396049501611,31.90689255843799,24,0.008137103000852401,24,False,,
354,140,True,0.851337255952381,[-17.39687237840589],[0.0],[2.528703363717895e-05],0.0,-87.61889344557903,37.79396049501611,31.938104961976226,24,0.008024080479460578,24,False,,
355,141,True,0.8437265511904761,[-14.241112585387006],[0.0],[2.528703363717895e-05],0.0,-85.91844022279702,37.79396049501611,29.04189709958206,24,0.005377008963941025,24,False,,
356,142,True,0.8432964786904762,[-14.257430848463779],[0.0],[2.528703363717895e-05],0.0,-85.91844022279702,37.79396049501611,28.7974328621046,24,0.005389338578918379,24,False,,
357,143,True,0.8432964786904762,[-14.257430848463779],[0.0],[2.528703363717895e-05],0.0,-85.91844022279702,37.79396049501611,28.7974328621046,24,0.005389338578918379,24,False,,
358,144,True,0.8405340075,[-17.324274606050988],[0.0],[2.528703363717895e-05],0.0,-85.91844022279702,37.79396049501611,28.982034435534423,24,0.007957250661398785,24,False,,
359,145,True,0.8395067701190477,[-21.96239139832225],[0.0],[2.528703363717895e-05],0.0,-99.61483313618055,37.79396049501611,31.566951443276064,24,0.012788281123315457,24,False,,
360,146,True,0.8395067701190477,[-21.96239139832225],[0.0],[2.528703363717895e-05],0.0,-99.61483313618055,37.79396049501611,31.566951443276064,24,0.012788281123315457,24,False,,
361,147,True,0.8428549617857142,[-25.552634818589695],[0.0],[2.528703363717895e-05],0.0,-99.61483313618055,12.898336863324403,29.39148218105809,24,0.01731108534623131,24,False,,
362,148,True,0.8429541796428571,[-25.552634818587894],[0.0],[2.528703363717895e-05],0.0,-99.61483313618055,12.898336863324403,29.391482181057434,24,0.017311085346228872,24,False,,
363,149,True,0.8418505265476192,[-24.58429519113713],[0.0],[2.528703363717895e-05],0.0,-99.61483313618055,12.898336863324403,29.80600032815383,24,0.016023908072294674,24,False,,
364,150,True,0.84207922,[-25.005619480425896],[0.0],[2.528703363717895e-05],0.0,-99.61483313618055,12.898336863324403,29.530536525331637,24,0.016577848138634898,24,False,,
365,151,True,0.8373254500000001,[-24.42671628631577],[0.0],[2.528703363717895e-05],0.0,-99.61483313618055,14.464843478855073,30.18775238168659,24,0.015819148287666795,24,False,,
366,152,True,0.8373254500000001,[-24.42671628631577],[0.0],[2.528703363717895e-05],0.0,-99.61483313618055,14.464843478855073,30.18775238168659,24,0.015819148287666795,24,False,,
367,153,True,0.8260882854761903,[-22.047496037754495],[0.0],[2.528703363717895e-05],0.0,-99.61483313618055,58.77597244579556,33.631159249529595,24,0.01290204909777154,24,False,,
368,154,True,0.8233076211904762,[-19.53707062591131],[0.0],[2.528703363717895e-05],0.0,-99.61483313618055,58.77597244579556,30.444397263182896,24,0.010131156793721513,24,False,,
369,155,True,0.8223627188095238,[-19.08137476009648],[0.0],[2.528703363717895e-05],0.0,-99.61483313618055,58.77597244579556,31.001434821170193,24,0.00966405663021817,24,False,,
370,156,True,0.8200804616666666,[-17.971360611661794],[0.0],[2.528703363717895e-05],0.0,-99.61483313618055,58.77597244579556,30.843337828011318,24,0.008572392770457689,24,False,,
371,157,True,0.8200804616666666,[-17.971360611661794],[0.0],[2.528703363717895e-05],0.0,-99.61483313618055,58.77597244579556,30.843337828011318,24,0.008572392770457689,24,False,,
372,158,True,0.819846590595238,[-16.51188356105634],[0.0],[2.528703363717895e-05],0.0,-99.61483313618055,58.77597244579556,31.24816653085069,24,0.007236580183094414,24,False,,
373,159,True,0.8193176513095238,[-16.486230142842015],[0.0],[2.528703363717895e-05],0.0,-99.61483313618055,58.77597244579556,31.241942466610766,24,0.0072141116613693,24,False,,
374,160,True,0.8193176513095238,[-16.486230142842015],[0.0],[2.528703363717895e-05],0.0,-99.61483313618055,58.77597244579556,31.241942466610766,24,0.0072141116613693,24,False,,
375,161,True,0.8193176513095238,[-16.486230142842015],[0.0],[2.528703363717895e-05],0.0,-99.61483313618055,58.77597244579556,31.241942466610766,24,0.0072141116613693,24,False,,
376,162,True,0.8181284875000001,[-16.556578261887523],[0.0],[2.528703363717895e-05],0.0,-99.61483313618055,58.77597244579556,31.17698789004111,24,0.0072758094482171356,24,False,,
377,163,True,0.8163464666666665,[-14.931501191115634],[0.0],[2.528703363717895e-05],0.0,-99.61483313618055,58.77597244579556,31.103211475965,24,0.005917620228640194,24,False,,
378,164,True,0.8163464666666665,[-14.931501191115634],[0.0],[2.528703363717895e-05],0.0,-99.61483313618055,58.77597244579556,31.103211475965,24,0.005917620228640194,24,False,,
379,165,True,0.8163464666666665,[-14.931501191115634],[0.0],[2.528703363717895e-05],0.0,-99.61483313618055,58.77597244579556,31.103211475965,24,0.005917620228640194,24,False,,
380,166,True,0.8149363749999998,[-13.904503013982358],[0.0],[2.528703363717895e-05],0.0,-99.61483313618055,58.77597244579556,31.027456595506802,24,0.005131579776632559,24,False,,
381,167,True,0.8149363749999998,[-13.904503013982358],[0.0],[2.528703363717895e-05],0.0,-99.61483313618055,58.77597244579556,31.027456595506802,24,0.005131579776632559,24,False,,
382,168,True,0.8147598067857142,[-13.984889699017534],[0.0],[2.528703363717895e-05],0.0,-99.61483313618055,58.77597244579556,30.958772796499506,24,0.005191086127843924,24,False,,
383,169,True,0.8126212579761903,[-12.362952520377595],[0.0],[2.528703363717895e-05],0.0,-99.61483313618055,58.77597244579556,30.17969458225226,24,0.004056808864211059,24,False,,
384,170,True,0.8016308914285714,[-7.553114094938944],[0.0],[2.528703363717895e-05],0.0,-99.61483313618055,58.77597244579556,28.61956795878232,24,0.0016658096146097872,24,False,,
385,171,True,0.7963833604761904,[-9.268426823410437],[0.0],[2.528703363717895e-05],0.0,-99.61483313618055,58.77597244579556,29.826801954670366,24,0.0025471360175531145,24,False,,
386,172,True,0.794787096190476,[-8.839816113577342],[0.0],[2.528703363717895e-05],0.0,-99.61483313618055,58.77597244579556,30.04530432803064,24,0.0023170027429621825,24,False,,
387,173,True,0.7944315033333332,[-12.210919467152431],[0.0],[2.528703363717895e-05],0.0,-99.61483313618055,13.742016106632036,26.61241174529066,24,0.004421165986418158,24,False,,
388,174,True,0.7942190669047619,[-13.754022753386343],[0.0],[2.528703363717895e-05],0.0,-99.61483313618055,13.742016106632036,26.1677454569932,24,0.005609182405265514,24,False,,
389,175,True,0.7934123608333333,[-18.49457616794386],[0.0],[2.528703363717895e-05],0.0,-99.61483313618055,13.742016106632036,30.579080192751064,24,0.010142122519044993,24,False,,
390,176,True,0.7934612949999998,[-18.434277781135904],[0.0],[2.528703363717895e-05],0.0,-99.61483313618055,13.742016106632036,30.639674771471416,24,0.010076097032608457,24,False,,
391,177,True,0.7931741117857142,[-18.4747714738391],[0.0],[2.528703363717895e-05],0.0,-99.61483313618055,13.742016106632036,30.615822441387902,24,0.01012041300949916,24,False,,
392,178,True,0.7931741117857142,[-18.4747714738391],[0.0],[2.528703363717895e-05],0.0,-99.61483313618055,13.742016106632036,30.615822441387902,24,0.01012041300949916,24,False,,
393,179,True,0.7936460020238095,[-18.918531135804717],[0.0],[2.528703363717895e-05],0.0,-99.61483313618055,13.742016106632036,30.253892928684877,24,0.010612431849016347,24,False,,
394,180,True,0.7942525960714285,[-20.92881174242287],[0.0],[2.528703363717895e-05],0.0,-99.61483313618055,13.742016106632036,30.478899792005453,24,0.012987609706927122,24,False,,
395,181,True,0.7942336953571428,[-22.3899807593646],[0.0],[2.528703363717895e-05],0.0,-99.61483313618055,13.742016106632036,29.645607132524848,24,0.014864404903197605,24,False,,
396,182,True,0.7942336953571428,[-22.3899807593646],[0.0],[2.528703363717895e-05],0.0,-99.61483313618055,13.742016106632036,29.645607132524848,24,0.014864404903197605,24,False,,
397,183,True,0.7936363822619047,[-21.493504020034663],[0.0],[2.528703363717895e-05],0.0,-99.61483313618055,13.742016106632036,29.962786632302073,24,0.013697917054308253,24,False,,
398,184,True,0.7888779973809523,[-28.948605793819905],[0.0],[2.528703363717895e-05],0.0,-99.87111461657241,13.742016106632036,35.10314981383093,24,0.02484822613731905,24,False,,
399,185,True,0.7888779973809523,[-28.948605793819905],[0.0],[2.528703363717895e-05],0.0,-99.87111461657241,13.742016106632036,35.10314981383093,24,0.02484822613731905,24,False,,
400,186,True,0.7882930257142857,[-28.98937183623563],[0.0],[2.528703363717895e-05],0.0,-99.87111461657241,13.742016106632036,35.083571394886846,24,0.02491825901465361,24,False,,
401,187,True,0.7786483932142857,[-25.995512194899487],[0.0],[2.528703363717895e-05],0.0,-99.87111461657241,61.39768564481574,39.7059441548675,24,0.020962335460693947,24,False,,
402,188,True,0.7782957627380953,[-27.348875706504696],[0.0],[2.528703363717895e-05],0.0,-99.87111461657241,61.39768564481574,38.944548124720825,24,0.023201809892276284,24,False,,
403,189,True,0.7768107055952381,[-27.78557907737574],[0.0],[2.528703363717895e-05],0.0,-99.87111461657241,61.39768564481574,40.30474207946724,24,0.024351639571202958,24,False,,
404,190,True,0.7768107055952381,[-27.78557907737574],[0.0],[2.528703363717895e-05],0.0,-99.87111461657241,61.39768564481574,40.30474207946724,24,0.024351639571202958,24,False,,
405,191,True,0.7769963415476191,[-31.44025143112492],[0.0],[2.528703363717895e-05],0.0,-99.87111461657241,61.39768564481574,41.796707201824056,24,0.031178938363808143,24,False,,
406,192,True,0.7769963415476191,[-31.44025143112492],[0.0],[2.528703363717895e-05],0.0,-99.87111461657241,61.39768564481574,41.796707201824056,24,0.031178938363808143,24,False,,
407,193,True,0.7763257516666666,[-27.769257979761147],[0.0],[2.528703363717895e-05],0.0,-99.87111461657241,61.39768564481574,40.61338693039818,24,0.024323039932753462,24,False,,
408,194,True,0.7826180947619049,[-29.33149605196466],[0.0],[2.528703363717895e-05],0.0,-99.87111461657241,61.39768564481574,39.81806881847605,24,0.0230466577506457,24,False,,
409,195,True,0.7804127067857145,[-32.95725195630845],[0.0],[2.528703363717895e-05],0.0,-99.87111461657241,61.39768564481574,41.39067690445612,24,0.029096550666403473,24,False,,
410,196,True,0.7734288436904763,[-31.199749219084556],[0.0],[2.528703363717895e-05],0.0,-99.87111461657241,61.39768564481574,42.077009094763774,24,0.030728350455951448,24,False,,
411,197,True,0.7722921776190477,[-33.94169249487074],[0.0],[2.528703363717895e-05],0.0,-99.87111461657241,61.39768564481574,42.28978076332585,24,0.036366711386484465,24,False,,
412,198,True,0.7748269165476191,[-30.099925435798394],[0.0],[2.528703363717895e-05],0.0,-99.87111461657241,61.39768564481574,40.67423605290734,24,0.025433341265832216,24,False,,
413,199,True,0.7737064780952382,[-33.91582700523611],[0.0],[2.528703363717895e-05],0.0,-99.87111461657241,61.39768564481574,39.40724895792083,24,0.03229069570090079,24,False,,
414,200,True,0.7786580800000001,[-37.28751977796454],[0.0],[2.528703363717895e-05],0.0,-99.87111461657241,61.39768564481574,40.2710240269992,24,0.039030091789676806,24,False,,
415,201,True,0.7783879447619048,[-32.84996300044359],[0.0],[2.528703363717895e-05],0.0,-99.87111461657241,61.39768564481574,39.63102018943251,24,0.03029300445139961,24,False,,
416,202,True,0.7758326127380952,[-32.95396668765333],[0.0],[2.528703363717895e-05],0.0,-99.87111461657241,61.39768564481574,40.11013644285959,24,0.030485124702376163,24,False,,
417,203,True,0.775908197857143,[-31.99025488910769],[0.0],[2.528703363717895e-05],0.0,-99.87111461657241,61.39768564481574,40.613966022871004,24,0.02872817118862817,24,False,,
418,204,True,0.7747019380952381,[-29.20809941473893],[0.0],[2.528703363717895e-05],0.0,-99.87111461657241,61.39768564481574,38.82257950819721,24,0.023948547348336097,24,False,,
419,205,True,0.77463585,[-29.22329037283646],[0.0],[2.528703363717895e-05],0.0,-99.87111461657241,61.39768564481574,38.81156939470768,24,0.023973464819312944,24,False,,
420,206,True,0.7755057391666668,[-30.56086430482613],[0.0],[2.528703363717895e-05],0.0,-99.87111461657241,61.39768564481574,38.37567451959473,24,0.02621825869212321,24,False,,
421,207,True,0.7763573413095238,[-32.58371186176826],[0.0],[2.528703363717895e-05],0.0,-99.87111461657241,61.39768564481574,40.70636551084794,24,0.029331087656609647,24,False,,
422,208,True,0.7613664516666668,[-27.800568696870773],[0.0],[2.528703363717895e-05],0.0,-99.87111461657241,117.54310344826308,50.3207846617151,24,0.02169601334532636,24,False,,
423,209,True,0.7652751014285716,[-31.629866721346787],[0.0],[2.528703363717895e-05],0.0,-99.87111461657241,61.39768564481574,43.601625786145874,24,0.028084539233415685,24,False,,
424,210,True,0.7636694120238096,[-33.085696734693876],[0.0],[2.528703363717895e-05],0.0,-99.87111461657241,61.39768564481574,42.328375535906126,24,0.030729334046519747,24,False,,
425,211,True,0.7605455842857145,[-32.91744513650008],[0.0],[2.528703363717895e-05],0.0,-99.87111461657241,61.39768564481574,43.03483173228782,24,0.0304175912789456,24,False,,
426,212,True,0.7605509152380954,[-35.64757052569744],[0.0],[2.528703363717895e-05],0.0,-99.87111461657241,61.39768564481574,40.91367514904238,24,0.035672410169789025,24,False,,
427,213,True,0.7605509152380954,[-35.64757052569744],[0.0],[2.528703363717895e-05],0.0,-99.87111461657241,61.39768564481574,40.91367514904238,24,0.035672410169789025,24,False,,
428,214,True,0.7589152820238096,[-34.9916853957047],[0.0],[2.528703363717895e-05],0.0,-99.87111461657241,61.39768564481574,41.02675333178578,24,0.034371801993211784,24,False,,
429,215,True,0.7478995735714286,[-34.65988738600407],[0.0],[2.528703363717895e-05],0.0,-99.87111461657241,61.39768564481574,44.61473038754452,24,0.03372305212400064,24,False,,
430,216,True,0.7478995735714286,[-34.65988738600407],[0.0],[2.528703363717895e-05],0.0,-99.87111461657241,61.39768564481574,44.61473038754452,24,0.03372305212400064,24,False,,
431,217,True,0.7478995735714286,[-34.65988738600407],[0.0],[2.528703363717895e-05],0.0,-99.87111461657241,61.39768564481574,44.61473038754452,24,0.03372305212400064,24,False,,
432,218,True,0.7438088385833335,[-32.33376771212922],[0.0],[2.528703363717895e-05],0.0,-99.87111461657241,61.39768564481574,47.25828012584875,24,0.029348452545961266,24,False,,
433,219,True,0.7434023254880954,[-28.97835047490152],[0.0],[2.528703363717895e-05],0.0,-99.87111461657241,61.39768564481574,45.98198570302303,24,0.023573273798181908,24,False,,
434,220,True,0.7398812206071429,[-27.178705994869063],[0.0],[2.528703363717895e-05],0.0,-99.87111461657241,61.39768564481574,46.32177060354713,24,0.02073624572316096,24,False,,
435,221,True,0.7394109979880953,[-26.13729754893353],[0.0],[2.528703363717895e-05],0.0,-99.87111461657241,61.39768564481574,44.95984826324566,24,0.019177586180207255,24,False,,
436,222,True,0.7370989417976191,[-27.540744225188973],[0.0],[2.528703363717895e-05],0.0,-99.87111461657241,61.39768564481574,46.382081591020835,24,0.02129236600963349,24,False,,
437,223,True,0.7363837953690476,[-23.251171450779264],[0.0],[2.528703363717895e-05],0.0,-97.56009744560333,61.39768564481574,43.476262994556215,24,0.01517617257182223,24,False,,
438,224,True,0.7357234513214287,[-23.848244393055626],[0.0],[2.528703363717895e-05],0.0,-99.10092828214465,61.39768564481574,44.40550322287041,24,0.01596560596019452,24,False,,
439,225,True,0.7332471016785714,[-25.567079416656593],[0.0],[2.528703363717895e-05],0.0,-99.10092828214465,61.39768564481574,44.583365743290855,24,0.0183499472480156,24,False,,
440,226,True,0.7332471016785714,[-25.567079416656593],[0.0],[2.528703363717895e-05],0.0,-99.10092828214465,61.39768564481574,44.583365743290855,24,0.0183499472480156,24,False,,
441,227,True,0.7321960365595239,[-23.604595449294987],[0.0],[2.528703363717895e-05],0.0,-99.10092828214465,61.39768564481574,42.37112355772401,24,0.01564104272750331,24,False,,
442,228,True,0.7329433647619048,[-25.805604980136177],[0.0],[2.528703363717895e-05],0.0,-99.10092828214465,61.39768564481574,39.53952972525614,24,0.018693932457464833,24,False,,
443,229,True,0.730415403452381,[-24.575879001197904],[0.0],[2.528703363717895e-05],0.0,-99.10092828214465,61.39768564481574,38.62105955004121,24,0.01695472302310166,24,False,,
444,230,True,0.7322447269047618,[-27.477274315896427],[0.0],[2.528703363717895e-05],0.0,-99.10092828214465,61.39768564481574,39.370915170452726,24,0.02119433907951572,24,False,,
445,231,True,0.7323827638095238,[-29.767796037421988],[0.0],[2.528703363717895e-05],0.0,-99.10092828214465,61.39768564481574,38.25674876705642,24,0.02487516337861108,24,False,,
446,232,True,0.7323827638095238,[-29.767796037421988],[0.0],[2.528703363717895e-05],0.0,-99.10092828214465,61.39768564481574,38.25674876705642,24,0.02487516337861108,24,False,,
447,233,True,0.7326606205952381,[-29.939012386118236],[0.0],[2.528703363717895e-05],0.0,-99.10092828214465,61.39768564481574,36.953776146806405,24,0.02516213679457193,24,False,,
448,234,True,0.7326606205952381,[-29.939012386118236],[0.0],[2.528703363717895e-05],0.0,-99.10092828214465,61.39768564481574,36.953776146806405,24,0.02516213679457193,24,False,,
449,235,True,0.7385585699761906,[-29.32271642890741],[0.0],[2.528703363717895e-05],0.0,-99.10092828214465,61.39768564481574,37.42379125651317,24,0.024136871598764556,24,False,,
450,236,True,0.7380979630714286,[-29.42895853283801],[0.0],[2.528703363717895e-05],0.0,-99.10092828214465,61.39768564481574,37.40188161324329,24,0.024312093946186327,24,False,,
451,237,True,0.7368346398571429,[-30.929306506759247],[0.0],[2.528703363717895e-05],0.0,-99.87111461657241,61.39768564481574,39.52194407689376,24,0.026854244827100495,24,False,,
452,238,True,0.7360986398571429,[-30.37257867331641],[0.0],[2.528703363717895e-05],0.0,-99.87111461657241,61.39768564481574,38.77308236202378,24,0.025896192249246924,24,False,,
453,239,True,0.7342060585476191,[-28.606159480935844],[0.0],[2.528703363717895e-05],0.0,-99.87111461657241,61.39768564481574,38.84248606388778,24,0.022971623529922682,24,False,,
454,240,True,0.7342060585476191,[-28.606159480935844],[0.0],[2.528703363717895e-05],0.0,-99.87111461657241,61.39768564481574,38.84248606388778,24,0.022971623529922682,24,False,,
455,241,True,0.7342060585476191,[-28.606159480935844],[0.0],[2.528703363717895e-05],0.0,-99.87111461657241,61.39768564481574,38.84248606388778,24,0.022971623529922682,24,False,,
456,242,True,0.7252391002023809,[-28.2857019131748],[0.0],[2.528703363717895e-05],0.0,-99.87111461657241,61.39768564481574,39.43542075881069,24,0.022957679037528173,24,False,,
457,243,True,0.7260620023452381,[-28.263166235328658],[0.0],[2.528703363717895e-05],0.0,-99.87111461657241,61.39768564481574,39.447088765199375,24,0.022921112098996103,24,False,,
458,244,True,0.7243966844880952,[-29.859561457662988],[0.0],[2.528703363717895e-05],0.0,-99.87111461657241,61.39768564481574,40.780394889175014,24,0.025583556002684665,24,False,,
459,245,True,0.7229201160714286,[-26.70031087324465],[0.0],[2.528703363717895e-05],0.0,-99.87111461657241,61.39768564481574,39.29466684869023,24,0.020456281675886687,24,False,,
460,246,True,0.7229201160714286,[-26.70031087324465],[0.0],[2.528703363717895e-05],0.0,-99.87111461657241,61.39768564481574,39.29466684869023,24,0.020456281675886687,24,False,,
461,247,True,0.7208990875,[-21.06570948285982],[0.0],[2.528703363717895e-05],0.0,-99.87111461657241,61.39768564481574,38.18893110276657,24,0.012733454488442814,24,False,,
462,248,True,0.7208990875,[-21.06570948285982],[0.0],[2.528703363717895e-05],0.0,-99.87111461657241,61.39768564481574,38.18893110276657,24,0.012733454488442814,24,False,,
463,249,True,0.7208990875,[-21.06570948285982],[0.0],[2.528703363717895e-05],0.0,-99.87111461657241,61.39768564481574,38.18893110276657,24,0.012733454488442814,24,False,,
464,250,True,0.7214153590476191,[-25.474889866791766],[0.0],[2.528703363717895e-05],0.0,-99.87111461657241,61.39768564481574,39.400685163014444,24,0.018621672721800143,24,False,,
465,251,True,0.7214153590476191,[-25.474889866791766],[0.0],[2.528703363717895e-05],0.0,-99.87111461657241,61.39768564481574,39.400685163014444,24,0.018621672721800143,24,False,,
466,252,True,0.7230759734523811,[-25.983337673026313],[0.0],[2.528703363717895e-05],0.0,-99.87111461657241,61.39768564481574,39.62377338329424,24,0.019372422582333272,24,False,,
467,253,True,0.722220054404762,[-20.089529223552706],[0.0],[2.528703363717895e-05],0.0,-86.84225676454889,61.39768564481574,34.00785332605007,24,0.011580667130152301,24,False,,
468,254,True,0.722220054404762,[-20.089529223552706],[0.0],[2.528703363717895e-05],0.0,-86.84225676454889,61.39768564481574,34.00785332605007,24,0.011580667130152301,24,False,,
469,255,True,0.7220734842857143,[-21.825335444870632],[0.0],[2.528703363717895e-05],0.0,-86.84225676454889,61.39768564481574,33.914000522298814,24,0.01366834442622494,24,False,,
470,256,True,0.7220734842857143,[-21.825335444870632],[0.0],[2.528703363717895e-05],0.0,-86.84225676454889,61.39768564481574,33.914000522298814,24,0.01366834442622494,24,False,,
471,257,True,0.7208730188095239,[-21.324278376765808],[0.0],[2.528703363717895e-05],0.0,-86.84225676454889,61.39768564481574,33.151311684901806,24,0.013047963887756583,24,False,,
472,258,True,0.7208730188095239,[-21.324278376765808],[0.0],[2.528703363717895e-05],0.0,-86.84225676454889,61.39768564481574,33.151311684901806,24,0.013047963887756583,24,False,,
473,259,True,0.7206774676190477,[-23.57233597037221],[0.0],[2.528703363717895e-05],0.0,-86.84225676454889,61.39768564481574,34.869101382716416,24,0.01594407409827774,24,False,,
474,260,True,0.7147792550238096,[-25.92571478205038],[0.0],[2.528703363717895e-05],0.0,-86.84225676454889,61.39768564481574,34.690803838931174,24,0.022806490558950832,24,False,,
475,261,True,0.715618789547619,[-25.499238741765453],[0.0],[2.528703363717895e-05],0.0,-86.84225676454889,61.39768564481574,34.32135654667187,24,0.022062331918202185,24,False,,
476,262,True,0.7174954970476191,[-26.111699134970973],[0.0],[2.528703363717895e-05],0.0,-86.84225676454889,61.39768564481574,34.386866167303126,24,0.02313487993410228,24,False,,
477,263,True,0.7160198553809524,[-27.59234395261683],[0.0],[2.528703363717895e-05],0.0,-99.99964149994321,61.39768564481574,37.571877100683245,24,0.025832960149461952,24,False,,
478,264,True,0.7100944380238096,[-22.858600284234438],[0.0],[2.528703363717895e-05],0.0,-99.99964149994321,61.39768564481574,40.300786202788,24,0.01772949031224858,24,False,,
479,265,True,0.7099859713571428,[-23.87344738746278],[0.0],[2.528703363717895e-05],0.0,-99.99964149994321,61.39768564481574,40.38444338098956,24,0.0193532699336071,24,False,,
480,266,True,0.7111078167142857,[-24.98429949736368],[0.0],[2.528703363717895e-05],0.0,-99.99964149994321,61.39768564481574,40.64469388988711,24,0.021196220812918703,24,False,,
481,267,True,0.7111078167142857,[-24.98429949736368],[0.0],[2.528703363717895e-05],0.0,-99.99964149994321,61.39768564481574,40.64469388988711,24,0.021196220812918703,24,False,,
482,268,True,0.7106737357619047,[-26.560232839782845],[0.0],[2.528703363717895e-05],0.0,-99.99964149994321,61.39768564481574,41.99544937661457,24,0.024005892340665483,24,False,,
483,269,True,0.7128582524285715,[-30.081123951386758],[0.0],[2.528703363717895e-05],0.0,-99.99964149994321,61.39768564481574,40.0910687471352,24,0.030792306189437072,24,False,,
484,270,True,0.7128465548095239,[-30.15827016346994],[0.0],[2.528703363717895e-05],0.0,-99.99964149994321,61.39768564481574,40.126175132006594,24,0.030950448944358132,24,False,,
485,271,True,0.7128465548095239,[-30.15827016346994],[0.0],[2.528703363717895e-05],0.0,-99.99964149994321,61.39768564481574,40.126175132006594,24,0.030950448944358132,24,False,,
486,272,True,0.7126298536190477,[-31.26462982309251],[0.0],[2.528703363717895e-05],0.0,-99.99964149994321,61.39768564481574,41.62485330536849,24,0.03326294365125504,24,False,,
487,273,True,0.709894873857143,[-30.625528979784406],[0.0],[2.528703363717895e-05],0.0,-99.99964149994321,61.39768564481574,42.08628907195407,24,0.03191694357081115,24,False,,
488,274,True,0.7061754274285713,[-24.456785994906074],[0.0],[2.528703363717895e-05],0.0,-99.99964149994321,61.39768564481574,42.40871962565587,24,0.020354145039361966,24,False,,
489,275,True,0.7056327345714286,[-25.554707314456948],[0.0],[2.528703363717895e-05],0.0,-99.99964149994321,61.39768564481574,43.80367542417821,24,0.022222653802575085,24,False,,
490,276,True,0.7048768179047619,[-25.469685440327243],[0.0],[2.528703363717895e-05],0.0,-99.99964149994321,61.39768564481574,43.68577408913363,24,0.022075027882660157,24,False,,
491,277,True,0.7080063250476192,[-32.782902288976516],[0.0],[2.528703363717895e-05],0.0,-99.99964149994321,48.69196934810634,41.76669975129899,24,0.036572015632966935,24,False,,
492,278,True,0.7090649746547619,[-33.27557257075506],[0.0],[2.528703363717895e-05],0.0,-99.99964149994321,48.69196934810634,40.878955825626115,24,0.03767950357611287,24,False,,
493,279,True,0.7082538794166667,[-34.83897598932722],[0.0],[2.528703363717895e-05],0.0,-99.99964149994321,48.69196934810634,42.43258255753703,24,0.04130331039663124,24,False,,
494,280,True,0.7071650841785716,[-37.042540192725674],[0.0],[2.528703363717895e-05],0.0,-99.99964149994321,48.69196934810634,43.78208415475032,24,0.046693413045029344,24,False,,
495,281,True,0.7071650841785716,[-37.042540192725674],[0.0],[2.528703363717895e-05],0.0,-99.99964149994321,48.69196934810634,43.78208415475032,24,0.046693413045029344,24,False,,
496,282,True,0.7062943579880954,[-37.65738480103463],[0.0],[2.528703363717895e-05],0.0,-99.99964149994321,48.69196934810634,44.032336277106516,24,0.048262784452205686,24,False,,
497,283,True,0.7060666913214287,[-37.63729789756176],[0.0],[2.528703363717895e-05],0.0,-99.99964149994321,48.69196934810634,44.05560826470527,24,0.04821131028109111,24,False,,
498,284,True,0.7060666913214287,[-37.63729789756176],[0.0],[2.528703363717895e-05],0.0,-99.99964149994321,48.69196934810634,44.05560826470527,24,0.04821131028109111,24,False,,
499,285,True,0.7036419982261908,[-28.663014436939438],[0.0],[2.528703363717895e-05],0.0,-99.22939068098458,48.69196934810634,44.42378671763888,24,0.027961198764381214,24,False,,
500,286,True,0.702635786559524,[-29.36192682938609],[0.0],[2.528703363717895e-05],0.0,-99.22939068098458,48.69196934810634,44.93075123123476,24,0.02934142256605448,24,False,,
